id,timestamp,acc_x,acc_y,acc_z,gyro_x,gyro_y,gyro_z
1,1747532762880,0.49055508,-0.090789296,0.8991069,-0.2231729,0.267914,-0.13795175
2,1747532762890,0.8439499,-0.45321432,0.8956901,-1.6207999,1.1606057,-1.6825852
3,1747532762900,2.94577085,-0.22392254,0.5804901499999999,2.0620857,2.3584954500000004,-5.7055564
4,1747532762910,3.09000875,-0.398667515,0.533265075,2.5220137,2.1726068,-6.18119695
5,1747532762920,3.24547325,-0.6117295,0.43893695,2.9145637000000004,2.0069582500000003,-6.61076475
6,1747532762930,3.3304052,-0.7297312,0.37926495,3.0882018,1.9313245,-6.812366
7,1747532762940,3.73139135,-1.27873795,0.10433447,3.3984599,1.8881813,-7.614243999999999
8,1747532762950,3.8463422,-1.46312325,0.038683073,3.3720946,1.9963056,-7.88242415
9,1747532762960,3.94298875,-1.6279839,-0.0003660864999999,3.3108419,2.06581415,-8.114119500000001
10,1747532762970,3.9944849,-1.80419325,0.042587988,3.30631445,1.8868497,-8.373778000000001
11,1747532762980,4.006932,-1.9026704,0.094206095,3.3321471,1.6996294,-8.536497
12,1747532762990,3.9918,-1.9697862,0.14545812,3.4200315,1.3363743,-8.608402
13,1747532763000,4.01669415,-2.03263065,0.193537385,3.5420042,0.72251563,-8.665128
14,1747532763010,3.96117115,-2.0403185,0.21672283,3.6165727,0.377103615,-8.6880305
15,1747532763020,3.921268,-2.0390983,0.2272173,3.6549222,0.22370553,-8.697351
16,1747532763030,3.4259536,-2.01530275,0.1270317975,3.6972666,-0.128896995,-8.721319999999999
17,1747532763040,3.2916002,-2.0044422,0.094206095,3.6682382,-0.13848437,-8.707472
18,1747532763050,2.84204675,-1.96551515,0.0017084014999999,3.4746263500000003,-0.081226415,-8.5548725
19,1747532763060,2.52025725,-1.9350079,-0.0341680144999999,3.3254893,-0.02556634775,-8.403072
20,1747532763070,2.3553965,-1.9195102,-0.044662476,3.2517197,0.0010652645,-8.319182
21,1747532763080,1.6254213,-1.7628256,-0.03807293,3.025351,-0.022903185,-7.770039
22,1747532763090,1.6254213,-1.7628256,-0.03807293,3.025351,-0.022903185,-7.770039
23,1747532763100,1.0853225,-1.5878365,-0.09396204,2.68926,-0.24341293,-6.992396
24,1747532763110,0.6776249649999999,-1.40784425,-0.0457607339,2.2269353,-0.4487426599999999,-6.08798635
25,1747532763120,0.40684344,-1.25201365,0.0285546961,1.98778345,-0.59388493,-5.50075935
26,1747532763130,0.25406359,-1.1607362499999998,0.049299562,1.871137,-0.682834505,-5.1209925
27,1747532763140,0.18475133,-1.125592,0.046614934,1.808819,-0.71798825,-4.932707
28,1747532763150,0.08297946,-1.0867869,0.023429496,1.6373115,-0.7419567,-4.5960836
29,1747532763160,-0.0017084008,-1.0555476,-0.0051252022,1.4413028,-0.7163904,-4.2978096
30,1747532763170,-0.16473864,-1.022966,-0.0591838825,0.908936875,-0.45619952,-3.60698545
31,1747532763180,-0.26114124,-1.0132037,-0.0772441175,0.46498795,-0.213052895,-3.05411315
32,1747532763190,-0.28554696,-1.0123495,-0.07516963,0.33129725,-0.13795175,-2.8836708
33,1747532763200,-0.3162982,-1.0196712,-0.05222825,0.120907515,0.009054748,-2.5859294
34,1747532763210,-0.34729347,-1.023576,-0.021232981,-0.029294772,0.108124346,-2.3616912
35,1747532763220,-0.45516677,-1.09801355,-0.0696783455,-0.2711097999999999,0.258060315,-2.2013690500000003
36,1747532763230,-0.5264315,-1.1600041,-0.12007617,-0.40053943,0.3339604,-2.172607
37,1747532763240,-0.6782351,-1.2049106,-0.18231077,-0.69055769,0.41998051,-2.0282635
38,1747532763250,-0.8505395,-1.2337095,-0.234539,-0.79681784,0.4362258,-1.9483687
39,1747532763260,-1.0182068,-1.2732466,-0.2762728,-1.0365024,0.42983422,-1.6415725
40,1747532763270,-1.3148584,-1.34121665,-0.24369116,-1.4564828,0.362189915,-0.2237055499999999
41,1747532763280,-1.45238465,-1.36049715,-0.1724264449999999,-1.5893746,0.24474451,1.01892545
42,1747532763290,-1.4699568,-1.3596429,-0.14106509,-1.5952336,0.18269286,1.4833808
43,1747532763300,-1.4162643,-1.3628157,-0.059794027,-1.5009576,0.07243799,2.431466
44,1747532763310,-1.2549424,-1.3674527,0.01952458,-1.3081448,-0.025033714,3.3443978
45,1747532763320,-1.1543908,-1.37269995,0.029897013,-1.1904331,-0.051665327,3.7569214
46,1747532763330,-0.4339337649999999,-1.3690392,-0.037828874,-0.6261091999999999,-0.053263225,5.75562385
47,1747532763340,-0.30458343,-1.3703815,-0.063943,-0.5613944,-0.02396845,6.039517
48,1747532763350,-0.04612682,-1.3923465,-0.13496366,-0.5251754,-0.015446335,6.4022393
49,1747532763360,0.401108065,-1.3995463,-0.243081025,-0.6474144799999999,-0.1768339025,6.8954567
50,1747532763370,0.6106312,-1.3969837,-0.29506522,-0.7435546,-0.27856666,7.0930634
51,1747532763380,0.93412913,-1.4232198500000002,-0.35437112,-0.9984191,-0.36485308,7.2134383
52,1747532763390,1.0150341,-1.4289552,-0.36169282,-1.0908308,-0.386691,7.2347436
53,1747532763400,1.198077,-1.4504322,-0.33362624,-1.4349113,-0.3850931,7.4376764
54,1747532763410,1.38295035,-1.62505505,-0.3009226,-1.7299894500000002,-0.29481193,7.96391725
55,1747532763420,1.5713626,-1.7782011,-0.269439225,-1.88525175,-0.219178165,8.36605475
56,1747532763430,1.7885735500000002,-1.91584955,-0.204397955,-2.0005666,-0.1347559549999999,8.874186
57,1747532763440,2.3008496,-2.05569425,-0.03770685,-2.00376235,-0.05060006,9.729327
58,1747532763450,2.93161555,-2.157344,0.109581705,-1.8959044,-0.0034621094499999,10.436396
59,1747532763460,3.3515161,-2.18394625,0.137892345,-1.7579527,-0.0077231679499999,10.5479825
60,1747532763470,3.5332167,-2.1850445,0.13960074,-1.6868463,-0.018109497,10.52215
61,1747532763480,3.7948463,-2.1601508,0.14057697,-1.5451661,-0.035153728,10.199907
62,1747532763490,3.904672,-2.1347687,0.14399378,-1.4008228,0.01438107,9.781259
63,1747532763500,3.87148,-2.1293995,0.12373702,-1.2602079,0.21837921,9.398295
64,1747532763510,3.798995,-2.2458148,-0.0219651505,-1.38883855,0.8221178499999999,9.5343835
65,1747532763520,3.84463365,-2.3028022,-0.080538892,-1.598163,1.0785803,9.8025635
66,1747532763530,3.8770933,-2.3268418,-0.108117364,-1.7241305,1.1989552,9.952233
67,1747532763540,4.0288973,-2.306097,-0.03294773,-2.263687,1.423726,10.254235
68,1747532763550,4.0647736,-2.2055452,0.11006982,-2.372344,1.2708606,10.126404
69,1747532763560,3.9908241,-2.0078589,0.260043,-2.1933795,0.762463085,9.745039
70,1747532763570,3.91040715,-1.6605655,0.44113347,-2.014415,0.25406557,9.363674
71,1747532763580,3.80216785,-1.18648432,0.462000355,-1.47645655,-0.98616854,7.83262325
72,1747532763590,3.61180315,-0.70386112,0.423073225,-1.192031,-1.7065536,6.3569657500000005
73,1747532763600,3.5232103,-0.545712,0.3943965,-1.1472899,-1.8370485,5.785984
74,1747532763610,3.3887348,-0.390491585,0.39744722,-1.1467572,-1.84716855,5.20914315
75,1747532763620,2.8626694500000003,-0.0474691349999999,0.449919535,-1.220793,-1.312405825,3.34200085
76,1747532763630,2.362108,0.1560746,0.5039782150000001,-1.30308475,-0.3856257378,1.7536916
77,1747532763640,2.2531364,0.1718163,0.5086153,-1.310808,-0.0037284256,1.4556838
78,1747532763650,1.89522655,0.232830605,0.47603366,-1.31533535,0.94728645,1.01359915
79,1747532763660,1.71572245,0.284570735,0.43491002,-1.3419669,1.48098395,0.805872565
80,1747532763670,1.60247985,0.329721325,0.37609223,-1.4002901,1.9062907,0.6325007650000001
81,1747532763680,1.5204766,0.402938515,0.28310642,-1.5395734,2.32760285,0.3784351999999999
82,1747532763690,1.4777666,0.45687518,0.22282428,-1.6410398,2.5662222,0.2066613
83,1747532763700,1.5342658500000002,0.5698737,0.183653085,-1.7614148,2.62001785,-0.157126513
84,1747532763710,1.55391245,0.640894325,0.16766733,-1.83065695,2.5363947,-0.43702476
85,1747532763720,1.6099236,0.654927625,0.196588105,-1.9017633,2.33399455,-0.794420975
86,1747532763730,1.6526336,0.62734915,0.26175139,-1.94144445,1.9742014,-1.3805827000000002
87,1747532763740,1.64067475,0.5850052,0.33289409,-1.9430424,1.7507621,-1.7528926
88,1747532763750,1.6342072,0.5559624,0.3699908,-1.8887138,1.5355787,-2.0485036
89,1747532763760,1.6139506,0.47981656,0.46444094,-1.7853832,1.3736585,-2.2716765
90,1747532763770,1.569044,0.40489095,0.57524294,-1.6096146,1.2884374,-2.4234767
91,1747532763780,1.71352595,0.3039733,0.7836677999999999,-1.00188123,1.27405625,-2.6738137
92,1747532763790,1.7796655,0.29042813,0.8092938,-0.63702816,1.2948289,-2.8128307
93,1747532763800,2.05752465,0.2600430099999999,0.775369875,0.1486043899999999,1.3646038,-3.33587565
94,1747532763810,2.35503025,0.1766974575,0.63589115,0.733168265,1.3933659,-4.0581248
95,1747532763820,2.550398,0.110801995,0.5347294,1.0972224,1.4050838,-4.5854306
96,1747532763830,2.8073906,-0.097134787,0.385610465,1.4871092,1.36913115,-5.4139404
97,1747532763840,3.0131308,-0.259432855,0.320081085,1.7313211,1.33477645,-5.9281969
98,1747532763850,3.2086206500000003,-0.4307610149999999,0.287621465,1.99337615,1.27618685,-6.42833855
99,1747532763860,3.4006937500000003,-0.60562803,0.265900355,2.2751386,1.1901667,-6.95138335
100,1747532763870,3.67757655,-0.91741113,0.173280635,2.6314696,1.0000170000000002,-7.7881485
101,1747532763880,3.8949095,-1.232367,0.0610143095,2.86875725,0.8133294,-8.506669500000001
102,1747532763890,3.9361553,-1.3225462,0.026846299,2.8932583,0.7653925,-8.661133
103,1747532763900,4.040856,-1.4587301,-0.0776102,2.8309402,0.7121293,-8.858739
104,1747532763910,4.183141,-1.5758777,-0.19426957,2.654639,0.6924219,-9.015865
105,1747532763920,4.4315915,-1.7030314,-0.2550398,2.1949775,0.5454154,-9.325325
106,1747532763930,4.625251,-1.76575415,-0.15363403,1.98751715,0.32037828,-9.5671405
107,1747532763940,4.676625,-1.7965053,-0.11690342,1.943575,0.24607609,-9.647035
108,1747532763950,4.6708897,-1.9467226,-0.0200126935,1.9997677,0.16937705,-9.946108
109,1747532763960,4.332504350000001,-1.97332485,0.0717528335,2.20935845,-0.0367516249999999,-10.046243
110,1747532763970,3.8604976,-1.90157205,0.074437463,2.3915186000000004,-0.30013826,-9.8859205
111,1747532763980,3.5686053,-1.85629945,-0.037462787,2.3973776,-0.3494067349999999,-9.599897
112,1747532763990,3.4441361,-1.8572757,-0.09835507,2.3787355,-0.3323625,-9.474995
113,1747532764000,3.1366239,-1.836775,-0.12568948,2.2935145,-0.3355583,-9.303487
114,1747532764010,2.528677,-1.76111705,-0.111900248,2.1326594,-0.492418475,-8.9474225
115,1747532764020,2.10108875,-1.7469617,-0.113852708,1.99151185,-0.6788397749999999,-8.6265115
116,1747532764030,1.8370189,-1.744033,-0.085542065,1.87593065,-0.88470215,-8.3649895
117,1747532764040,1.7105973,-1.7364672,-0.0622346,1.8253306,-0.9896307,-8.237158
118,1747532764050,1.35744645,-1.6878998,0.009762291,1.7299895,-1.1739215,-7.927698
119,1747532764060,1.0296775500000002,-1.6279838,0.101649848,1.5840482,-1.3709953499999998,-7.21690025
120,1747532764070,0.7106947,-1.5496415,0.17596528,1.49376705,-1.4397049,-6.68533315
121,1747532764080,0.53265495,-1.51669375,0.18011425,1.4181333,-1.4138722499999998,-6.3561666500000005
122,1747532764090,0.4515059,-1.5109584,0.17742962,1.3747238,-1.391768,-6.198774
123,1747532764100,0.34753752,-1.5487872,0.14887492,1.08656975,-1.38084905,-5.88398815
124,1747532764110,-0.008664035,-1.70120105,-0.0295309284999999,0.7627293500000001,-1.3233248,-5.6171395
125,1747532764120,-0.34107,-1.80041035,-0.1555865,0.055393735,-1.08523818,-5.267200150000001
126,1747532764130,-0.57036178,-1.84446265,-0.1974423149999999,-0.765658815,-0.76406093,-4.88636815
127,1747532764140,-0.673598,-1.8694785,-0.2037878,-1.0583402,-0.6317018,-4.676511
128,1747532764150,-1.1414557,-2.00981145,-0.0834675749999999,-2.1560953,-0.03408846,-3.47569155
129,1747532764160,-1.2471325,-2.0281157,-0.052472305,-2.310026,0.06338324,-3.1968586
130,1747532764170,-1.556231,-2.0682631,0.073949342,-2.47407675,0.158724405,-2.047172
131,1747532764180,-1.6561725,-2.0774152,0.11568313,-2.4703484,0.1470065,-1.5472966
132,1747532764190,-1.6561725,-2.0774152,0.11568313,-2.4703484,0.1470065,-1.5472966
133,1747532764200,-1.88461,-1.986626,0.37658033,-1.510545,-0.6396913,1.5110776
134,1747532764210,-1.6277398,-1.90425665,0.36852645,-0.8021441250000001,-0.9534117,3.09193005
135,1747532764220,-1.5036367,-1.8789967,0.3448529,-0.57311225,-1.0045444,3.5936697
136,1747532764230,-1.14475045,-1.7719777,0.26529024,-0.02530003,-0.88496847,4.9425607
137,1747532764240,-0.7732953300000001,-1.7174309,0.15741693,0.13688648,-0.8175905,5.365737
138,1747532764250,-0.52301466,-1.6922929,0.07565775,0.587493375,-0.40799628,7.230216
139,1747532764260,-0.2208718,-1.6881441,-0.034168016,0.59867865,-0.35153726,7.4952006
140,1747532764270,0.060770255,-1.6974181,-0.14228538,0.59867865,-0.35153726,7.4952006
141,1747532764280,0.35363895,-1.6971741,-0.22355644,0.360592,-0.23595607,8.178568
142,1747532764290,0.6474839,-1.6549523,-0.3099527,0.14114754,-0.21784659,8.31066
143,1747532764300,1.0706791,-1.5956463,-0.4834774,-0.5454154,-0.11451593,8.287758
144,1747532764310,1.15988205,-1.64152905,-0.4418656549999999,-1.11266875,0.10732539555,8.381501
145,1747532764320,1.2271198,-1.7162106,-0.361570805,-1.4476944500000002,0.362189915,8.651012999999999
146,1747532764330,1.67228025,-1.7980918,-0.235271185,-1.73425055,0.558731215,9.029448
147,1747532764340,2.0742426,-1.8362867,-0.15473229,-1.8578212,0.60507023,9.215603
148,1747532764350,2.3810225,-1.8226196,-0.09200958,-1.8466359,0.49534798,9.276855
149,1747532764360,2.6380148,-1.8270127,-0.041977845,-1.7811222,0.33182988,9.348761
150,1747532764370,2.6885346,-1.83274795,-0.030873241,-1.722,0.26232137,9.4121445
151,1747532764380,3.02374725,-2.03165455,-0.0179382075,-1.42266065,-0.048469535,10.01029025
152,1747532764390,3.227413,-2.1584423,-0.007321717,-1.303351,-0.15180019,10.298444
153,1747532764400,3.4187539,-2.3215946,0.05051985,-0.928378,-0.2572613649999999,10.636932
154,1747532764410,3.4714704,-2.3924932,0.073949344,-0.7595336,-0.304133,10.772487
155,1747532764420,3.63254825,-2.61751405,0.07919658,-0.47510797,-0.3733752,11.0630375
156,1747532764430,3.708206,-2.6961005,0.06711575,-0.19068234,-0.4426174,11.353588
157,1747532764440,4.1670337,-2.9081862,-0.13447554,0.036218993,-0.5502091,11.765846
158,1747532764450,4.581686700000001,-2.9122131,-0.344852895,-0.209590795,-0.49934272,11.59700175
159,1747532764460,4.7785189,-2.8272812,-0.41526341,-0.4854943,-0.368581505,11.26863375
160,1747532764470,4.860887999999999,-2.49939035,-0.37572613,-0.87884315,-0.111852765,10.346381
161,1747532764480,4.8452682,-2.2362967,-0.31873876,-1.1201255,0.06178534,9.636915
162,1747532764490,4.8452682,-2.2362967,-0.31873876,-1.1201255,0.06178534,9.636915
163,1747532764500,4.3757024,-1.5124228,-0.20598431,-1.4157364,0.1949434,8.214787
164,1747532764510,3.9861871,-1.05298495,-0.207814735,-1.6666062,0.16564862,7.448329
165,1747532764520,3.8646467,-0.9117979,-0.22209209,-2.0777984,0.18535602,6.604107
166,1747532764530,3.2631675,-0.427466275,-0.006589545,-3.1372038,0.503603785,4.9289785
167,1747532764540,2.958462,-0.22746135,0.17767367,-3.6458676,0.7350325,4.139085
168,1747532764550,2.57834285,-0.0833455474999999,0.63320652,-3.7601173,1.3108079,3.20777765
169,1747532764560,2.459853,-0.037584815,0.77024466,-3.6820867,1.5286545,2.9001825
170,1747532764570,2.2431302,0.07492557,0.9686632,-3.3332124,1.8216022,2.5108283
171,1747532764580,1.91511715,0.3187387499999999,0.9789136,-2.21521745,2.10549525,1.6772589
172,1747532764590,1.7910141,0.39854548,0.8926393699999999,-1.84450545,2.0365194,1.38297955
173,1747532764600,1.7301219,0.43588626,0.83784854,-1.68152,1.9728698,1.2442288
174,1747532764610,1.6841170499999998,0.508737345,0.72265355,-1.3611417,1.63411565,0.8495484
175,1747532764620,1.6930252,0.53350914,0.6960513,-1.2751216,1.5025555,0.7078682
176,1747532764630,1.7079126,0.6317422100000001,0.6360132000000001,-0.83383575,0.87884316,-0.3331614499999999
177,1747532764640,1.6866796,0.63235235,0.6347929,-0.75420725,0.78296936,-0.5225122
178,1747532764650,1.6451898,0.6037976,0.6543175,-0.58429754,0.6247776,-0.86020106
179,1747532764660,1.6190758,0.5625519,0.6560259,-0.40053943,0.5523396,-1.1696603
180,1747532764670,1.6174894,0.418436155,0.5645044450000001,-0.09693907,0.6870955999999999,-1.7283916
181,1747532764680,1.6234688,0.3704789,0.51032373,0.063383233,0.8860337149999999,-2.1331921
182,1747532764690,1.6237129,0.34387666,0.4825012,0.098004326,0.97418433,-2.2631543
183,1747532764700,1.6556844,0.29091623,0.43051702,0.13262543,1.1771172,-2.5028389
184,1747532764710,1.8473913,0.200126945,0.338995535,0.195476025,1.6969663,-3.04159625
185,1747532764720,2.05984325,0.121784565,0.3037292499999999,0.32463934,2.05915625,-3.531618
186,1747532764730,2.2693664,0.04746913475,0.267364715,0.49241848,2.20536375,-3.9292281
187,1747532764740,2.3929813,0.0053692595,0.24161668,0.58483016,2.2652848,-4.1486726
188,1747532764750,2.7363697,-0.14972913,0.1018939,0.891626315,2.4245418,-4.9534799
189,1747532764760,3.035462,-0.38561047,-0.061380395,1.024251765,2.40163865,-5.8554925
190,1747532764770,3.316738,-0.6667643999999999,-0.15912532,1.04715495,2.2540995,-6.76070075
191,1747532764780,3.5409045,-0.9137503,-0.106653016,1.0940265999999998,2.02506765,-7.4006584
192,1747532764790,3.6679363,-1.0455412,-0.061258372,1.1547467,1.881257,-7.7476683
193,1747532764800,3.88673365,-1.3160787,0.007443745515,1.4828481,1.5337145,-8.41985
194,1747532764810,4.02621235,-1.5221851,-0.0389271325,1.74144105,1.25221835,-8.873653000000001
195,1747532764820,4.1748431,-1.7182851499999998,-0.1278860024999999,1.88871385,1.02584965,-9.2126735
196,1747532764830,4.2849129,-1.83897135,-0.189998575,1.88551805,0.958738,-9.3519565
197,1747532764840,4.327623,-1.8897352,-0.21794313,1.8748654,0.9491506,-9.410546
198,1747532764850,4.4059653,-1.9580714,-0.23356278,1.8599517,0.964597,-9.513344
199,1747532764860,4.36130275,-2.0320206,-0.179382075,1.98192465,0.68416611,-9.7860525
200,1747532764870,4.1981506500000005,-2.08437095,-0.105066645,2.2040322000000003,0.34754253,-9.954364
201,1747532764880,3.9913123,-2.097672,-0.079318605,2.4306672,0.1288969979999999,-9.964484
202,1747532764890,3.8736768,-2.0966957,-0.07297312,2.549178,0.020772656,-9.949038
203,1747532764900,3.3279647,-2.068141,-0.15290186,2.83466875,-0.406664715,-9.7434415
204,1747532764910,3.035096,-2.055694,-0.20476402,2.9166942,-0.6194513,-9.629991
205,1747532764920,2.7183096,-1.9937036,-0.26870704,2.9166942,-0.6194513,-9.629991
206,1747532764930,2.43495915,-1.95294605,-0.32959932,2.63972535,-0.85700525,-9.2363755
207,1747532764940,2.1516087,-1.9121885,-0.3904916,2.3627565,-1.0945592,-8.84276
208,1747532764950,1.62786185,-1.75794435,-0.291404345,1.7739316,-1.3827132999999998,-8.2099935
209,1747532764960,1.29179495,-1.6504371,-0.183531045,1.3853764000000002,-1.5512914,-7.69120965
210,1747532764970,1.07946515,-1.5769759,-0.079562661,1.1981562,-1.6410399,-7.334345799999999
211,1747532764980,0.9701275,-1.5353642,-0.024649782,1.0543455,-1.71321155,-6.9641664
212,1747532764990,0.78708464,-1.479719,0.04881145,0.9912286,-1.7406421,-6.7745495
213,1747532765000,0.6101431,-1.4262705,0.08444381,0.8681905,-1.7315874,-6.4022393
214,1747532765010,0.28261831,-1.5353641,0.049177535,0.332895145,-1.4386396,-5.513276100000001
215,1747532765020,0.23746772,-1.5949141,0.04148973,0.21038973,-1.4024206,-5.4083476
216,1747532765030,0.064919226,-1.6730124,0.050031736,-0.011185277,-1.3725933,-5.2437644
217,1747532765040,-0.4378387,-1.7210917,0.050031736,-0.20985709,-1.3677995,-4.9976883
218,1747532765050,-0.728632935,-1.7921123,0.023673553,-0.8213189,-1.3986922000000002,-3.8831555
219,1747532765060,-0.88543973,-1.82164325,0.030141069,-1.05461185,-1.3725932,-3.35984415
220,1747532765070,-1.00222113,-1.8410458,0.06638357,-1.23464155,-1.35794585,-2.81735815
221,1747532765080,-1.0516427,-1.8519063,0.09396204,-1.3366406,-1.37365855,-2.25436585
222,1747532765090,-1.1653733,-1.854835,0.15326795,-1.3646038,-1.3859091,-1.9686087
223,1747532765100,-1.3559821,-1.8143216,0.25796852,-1.2112057,-1.5009576,-0.45007423
224,1747532765110,-1.398326,-1.7587985,0.302386925,-0.9416938,-1.577124,0.773648325
225,1747532765120,-1.389662,-1.7381756,0.31190515,-0.8410263,-1.5994946,1.2026836
226,1747532765130,-1.18514205,-1.63005825,0.307756185,-0.40266996,-1.44822705,2.9561088
227,1747532765140,-1.0511546,-1.5568411,0.29433304,-0.18482338,-1.3219932,3.8264298
228,1747532765150,-0.83491987,-1.5226732,0.2796896,0.037284255,-1.2106731,4.6008773
229,1747532765160,-0.47151859,-1.47605825,0.20586229,0.41918155,-1.05194865,5.61261205
230,1747532765170,-0.22245818,-1.46031655,0.12739788,0.6391586650000001,-0.9571401,6.19797495
231,1747532765180,0.100185495,-1.43542275,-0.015863715,0.755538815,-0.7816377999999999,6.764163
232,1747532765190,0.3053156,-1.415044,-0.11861181,0.7914915,-0.6508766,7.0967917
233,1747532765200,0.55047111,-1.40589175,-0.28737741,0.5299690499999999,-0.381364675,7.4560522
234,1747532765210,0.76426525,-1.4086984500000002,-0.37401774,0.2519350325,-0.2865561399999999,7.616640999999999
235,1747532765220,0.8817788,-1.4079663,-0.41001618,0.096939065,-0.26525086,7.670437
236,1747532765230,1.18270145,-1.38685525,-0.48665015,-0.559796475,-0.20612868,7.691209349999999
237,1747532765240,1.34988065,-1.42541635,-0.494093925,-1.01572968,-0.08149273,7.77722935
238,1747532765250,1.4537270000000002,-1.48203765,-0.46163431,-1.2415657,0.04314321,7.960987149999999
239,1747532765260,1.5640409000000002,-1.5104703000000002,-0.4139211,-1.417068,0.12969595,8.2299665
240,1747532765270,1.7769808500000002,-1.57404725,-0.3116611,-1.57605875,0.26684874,8.9735215
241,1747532765280,2.13159605,-1.6903405,-0.1854835,-1.6919062500000002,0.4554005399999999,9.8792625
242,1747532765290,2.3256216,-1.7515988,-0.13593988,-1.7225326,0.5406217,10.199907
243,1747532765300,2.766389,-1.8262804,-0.056377225,-1.804558,0.664725,10.59299
244,1747532765310,3.218139,-1.8872948,0.006833603,-1.8993665,0.7094661,10.655308
245,1747532765320,3.6733056,-1.85642145,0.095426385,-2.08019515,0.61732075,9.7924435
246,1747532765330,3.7728811,-1.78015355,0.126177595,-2.1576931,0.5486112,9.267268
247,1747532765340,3.7352962,-1.7476939,0.12373702,-2.294047,0.5864281,8.9748535
248,1747532765350,3.8860016,-1.7602629,0.043930306,-2.79765075,0.9422264,8.875251
249,1747532765360,3.9708116,-1.7596527,0.021965152,-3.0189595,1.1163971,8.854478
250,1747532765370,4.139577,-1.69790625,0.1170254485,-4.130829,2.08418985,8.532502000000001
251,1747532765380,4.0628212,-1.68167645,0.348513745,-4.797950849999999,2.5534389,8.06059
252,1747532765390,3.9318844,-1.615659,0.6911701,-4.7995491,2.3281355,7.61930415
253,1747532765400,3.7482312,-1.492044,0.996119625,-4.436293750000001,1.79603585,7.2765553
254,1747532765410,3.563846,-1.3578125,1.16256675,-3.860518200000001,1.13850138,6.99372745
255,1747532765420,3.478548,-1.2900866,1.2166255,-3.5361454,0.79255676,6.8608356
256,1747532765430,3.0544984,-0.837238375,1.0770246,-2.15236685,-0.6141249550000001,6.0485717
257,1747532765440,2.8499784,-0.64211464,0.951213115,-1.9547603,-0.80533993,5.8733354
258,1747532765450,2.66193235,-0.48787044,0.831991135,-1.66234515,-1.01013703,5.38331425
259,1747532765460,2.47913345,-0.318128615,0.67847917,-1.638643,-0.9619338,5.09516
260,1747532765470,2.3541761,-0.1675453,0.592571025,-1.82719485,-0.4554005545,4.51459075
261,1747532765480,2.26777995,-0.0629667694999999,0.626616975,-2.02453515,0.2474076805,3.86184995
262,1747532765490,2.2194567,-0.009030119,0.6540734,-2.0586236,0.50653327,3.6511939
263,1747532765500,2.0423929000000003,0.11934399,0.70886428,-2.02959515,1.2455604999999998,3.06796165
264,1747532765510,1.8778985,0.205618225,0.6840924500000001,-1.9345203,1.75955065,2.56462415
265,1747532765520,1.7555038,0.2851809,0.6233222,-1.8341191,2.0679446500000003,2.0567592500000003
266,1747532765530,1.7074245,0.34924592,0.5781715999999999,-1.76034955,2.0415793,1.6679378
267,1747532765540,1.6861916,0.38194957,0.5598673,-1.7193369,1.9952403,1.4626081
268,1747532765550,1.61639115,0.440035225,0.5375361000000001,-1.53131765,1.6215988,0.73876093
269,1747532765560,1.5736811,0.47054237,0.532532925,-1.34116795,1.1816446,0.21385186
270,1747532765570,1.55134985,0.48909072,0.533997275,-1.1483551,0.783502,-0.258592955
271,1747532765580,1.5378047,0.4821351,0.54534595,-1.03090968,0.6279733750000001,-0.5155880150000001
272,1747532765590,1.5287746,0.4756676,0.5544981,-0.97471696,0.57311225,-0.6359629
273,1747532765600,1.5397572,0.457607325,0.591472715,-0.8210525799999999,0.572046995,-0.9795107
274,1747532765610,1.6223706,0.45467865,0.6440670799999999,-0.58962387,0.76193042,-1.3813817
275,1747532765620,1.7276813,0.441743615,0.6873872599999999,-0.26791401,1.0293118,-1.84530435
276,1747532765630,1.8309174,0.403548645,0.7217993300000001,0.04394216,1.1930961999999998,-2.20030375
277,1747532765640,1.8909554,0.38316986,0.7438865,0.2082592,1.2490226,-2.3744745
278,1747532765650,2.1640556,0.2873774,0.679577415,0.8548747,1.33717325,-2.94199405
279,1747532765660,2.40591635,0.171816305,0.5559624,1.4647386,1.2953616,-3.5731632500000003
280,1747532765670,2.5817596,0.071020661,0.45028561,1.9883161,1.17498665,-4.2698462
281,1747532765680,2.7446678,-0.035388301,0.36584181,2.2463764,1.0205233,-4.81073435
282,1747532765690,2.8291116,-0.091033354,0.328257,2.3643544,0.932639,-5.092497
283,1747532765700,2.9816473,-0.21891935,0.25845662,2.5768747,0.78563255,-5.6693373
284,1747532765710,3.2898918000000004,-0.5281399,0.0704105179999999,2.80777085,0.66685558,-6.8318072
285,1747532765720,3.5180852,-0.7576757000000001,-0.100307532,2.7116307,0.61039655,-7.5143755
286,1747532765730,3.67293945,-0.90679465,-0.17864991,2.458364,0.5267732700000001,-7.9119855
287,1747532765740,3.7411535,-0.9789136,-0.19890666,2.3121564,0.47510794,-8.09601
288,1747532765750,3.8521998,-1.1399914,-0.183287,2.0005667,0.39095205,-8.347412
289,1747532765760,4.19473415,-1.3440233,-0.035632354,1.5036208,0.248739245,-8.49175525
290,1747532765770,4.551912,-1.4527508,0.086884376,1.22691835,0.233559235,-8.607337000000001
291,1747532765780,4.702007,-1.4936304,0.12690976,1.15234985,0.392816275,-8.848087
292,1747532765790,4.9521657,-1.70644835,0.254917795,1.2788499999999998,0.7909588750000001,-9.386045
293,1747532765800,4.944112,-1.8048034,0.3048275,1.4098775,1.0737866,-9.765279
294,1747532765810,4.713966,-1.9236592,0.33777523,1.6506273,1.2500879,-10.066216
295,1747532765820,4.13921105,-2.1084105,0.370234825,2.1518342,1.20108565,-10.31548825
296,1747532765830,3.71162255,-2.144531,0.366329925,2.515622,1.01466438,-10.2624915
297,1747532765840,3.1757948,-2.1442870000000003,0.24125059,2.8197550500000004,0.75687043,-10.04065025
298,1747532765850,2.7144047,-2.14819195,0.085664092,3.0083068,0.290284588,-9.68059075
299,1747532765860,2.4288577,-2.1433108,0.0145214064999999,3.0282805,-0.178698112,-9.4038885
300,1747532765870,2.289989,-2.1350129,-0.013179091,2.984871,-0.3206446,-9.345033
301,1747532765880,1.87948495,-2.10218715,-0.0272123835,2.8309402,-0.59228706,-9.195363
302,1747532765890,1.7445213,-2.0835168,-0.017816179,2.632801,-0.84368944,-8.989234
303,1747532765900,1.2005177,-1.9197543,0.050763905,2.1475732,-1.1488878,-8.334097
304,1747532765910,0.905086285,-1.81371145,0.079318605,1.8887138,-1.1691277,-7.917578
305,1747532765920,0.818568,-1.7823502,0.08786061,1.6271914,-1.1195929,-7.4850807
306,1747532765930,0.6294237,-1.7084008,0.107629254,1.18004665,-0.83410205,-6.67175135
307,1747532765940,0.1343535125,-1.6052865,0.13252308,0.85753785,-0.49508164,-6.00676025
308,1747532765950,-0.0009762275,-1.6360377,0.117269507,0.575509125,-0.247141355,-5.461877250000001
309,1747532765960,-0.08127106,-1.658613,0.107629254,0.49481535,-0.22530343,-5.339638
310,1747532765970,-0.19024262,-1.65483015,0.102137962,0.427703675,-0.253000315,-5.23044835
311,1747532765980,-0.5447358,-1.6525116,0.065407336,0.20772657,-0.4048005,-4.811267
312,1747532765990,-0.87299275,-1.7074246,-0.01952458,-0.23222765,-0.64182186,-3.9079227
313,1747532766000,-1.05127658,-1.72170185,-0.043198133,-0.62211445,-0.5864281,-3.0996533
314,1747532766010,-1.17049855,-1.72157985,-0.0277004969999999,-0.8396947,-0.472711125,-2.53053575
315,1747532766020,-1.2295604,-1.7184072,-0.016351834,-0.9193232,-0.41385525,-2.2716765
316,1747532766030,-1.60333415,-1.6356717,0.032215557,-1.0945592,-0.205063405,-0.6005427799999999
317,1747532766040,-1.670816,-1.6122422,0.042465962,-1.1084076,-0.17257284,-0.19121496
318,1747532766050,-1.7324403,-1.5260899499999998,0.081027005,-1.0626012500000002,-0.057524281,1.2117383
319,1747532766060,-1.66459245,-1.47471595,0.093473925,-0.99442435,0.034887409,2.1792647
320,1747532766070,-1.3947872,-1.4036953,0.11800168,-0.840759975,0.21252026,3.5973979
321,1747532766080,-1.1839217,-1.3559821,0.1381364,-0.72651035,0.340352,4.5337653
322,1747532766090,-0.93059033,-1.3244987,0.14057697,-0.60240704,0.43089947,5.1883707
323,1747532766100,-0.6186851250000001,-1.29789645,0.095182325,-0.446878435,0.495880615,5.97134
324,1747532766110,-0.415141375,-1.28300885,0.050763906,-0.379766775,0.507332215,6.3865268
325,1747532766120,-0.31190515,-1.2776396,0.026358182,-0.3552657,0.50120693,6.5716166
326,1747532766130,0.16144387,-1.29960485,-0.11129011,-0.385093105,0.449275285,7.2219605
327,1747532766140,0.24527754,-1.3059504,-0.13471961,-0.41438788,0.44847634,7.3231606
328,1747532766150,0.39415246,-1.3147364,-0.1701079,-0.48842376,0.47564057,7.487744
329,1747532766160,0.5630401,-1.3122959,-0.20256752,-0.58429754,0.51292485,7.6006618
330,1747532766170,0.84907518,-1.2654369,-0.249304485,-0.7086671499999999,0.451672135,7.549262799999999
331,1747532766180,0.99355703,-1.265803,-0.29884811,-0.798682,0.3539341099999999,7.5239628
332,1747532766190,1.0795872000000002,-1.30765875,-0.351564475,-0.89642003,0.264718215,7.5934713
333,1747532766200,1.2241912,-1.3838046,-0.41221269,-1.03889918,0.121706465,7.7037263
334,1747532766210,1.4202912,-1.46031655,-0.4212428,-1.2452942,-0.2399508,8.0752373
335,1747532766220,1.65641655,-1.54903135,-0.34241231,-1.3808491,-0.696682925,8.7034765
336,1747532766230,2.01457055,-1.67044975,-0.21391617,-1.3038837,-1.079911825,9.370066
337,1747532766240,2.2450826,-1.7374434,-0.14130914,-1.2181299,-1.2777847,9.720006
338,1747532766250,2.9662718,-1.696442,-0.1162932825,-0.77737673,-1.5294535,9.838783
339,1747532766260,3.1788456,-1.6549523,-0.1444819,-0.62371236,-1.5856462,9.768476
340,1747532766270,3.6116811,-1.5123007,-0.38841709,-0.412257345,-1.53451345,8.626778
341,1747532766280,3.55933095,-1.52950665,-0.394640565,-0.43915528,-1.2130698999999998,8.1553985
342,1747532766290,3.516865,-1.5434179,-0.37023485,-0.44847634,-1.0162623,7.939416
343,1747532766300,3.34553665,-1.62578735,-0.250280705,-0.32463935,-0.47990164,7.6150429
344,1747532766310,3.23937165,-1.7730759,-0.193415375,-0.023702135,-0.1741707395,7.807856249999999
345,1747532766320,3.19849215,-1.9157274,-0.180846425,0.318514065,0.001597897,8.23822325
346,1747532766330,3.2315620000000003,-1.9517258,-0.224654705,0.498277435,-0.0298274034999999,8.63103925
347,1747532766340,3.2557237,-1.9558747,-0.25040275,0.57151437,-0.0793622,8.828912
348,1747532766350,3.4504814,-1.9380586,-0.2630937,0.7036072,-0.31691617,9.070726
349,1747532766360,4.01876855,-1.6354276,-0.35144244,0.9518138,-0.8474179,8.8430265
350,1747532766370,4.1692299,-1.2305366,-0.426978155,1.2362394,-1.4863102499999998,8.0049293
351,1747532766380,4.1384788,-1.048958,-0.44613665,1.4295849,-1.9222697,7.3503246
352,1747532766390,4.1384788,-1.048958,-0.44613665,1.4295849,-1.9222697,7.3503246
353,1747532766400,3.652683,-0.2031776549999999,-0.6917803,1.17844885,-2.6333337,5.0895672
354,1747532766410,3.2922104,0.12813006,-0.7606044000000001,0.613059725,-2.5033714500000004,4.2653189000000005
355,1747532766420,3.0509598,0.319715,-0.7665838,0.26844665,-2.3702135,3.86691
356,1747532766430,2.7035443,0.456265015,-0.506174745,-1.7174727,-0.7044060999999999,2.19018365
357,1747532766440,2.5774887,0.4886026,-0.37926495,-2.0719395,-0.2647182,1.9148128
358,1747532766450,2.3912728,0.49568027,-0.11373068,-2.5710158,0.6780408,1.4636734
359,1747532766460,2.0229906,0.5460780999999999,0.29872607,-2.7001791500000003,2.38672495,0.79042625
360,1747532766470,1.7943089,0.599160525,0.45626502,-2.46155995,3.2700955,0.34381412
361,1747532766480,1.7374434,0.61892915,0.4595598,-2.3276029,3.396063,0.20879184
362,1747532766490,1.6769173,0.6457755,0.42002252,-2.0458405,3.4248252,-0.10652645
363,1747532766500,1.6407969,0.66090703,0.3660859,-1.7773937,3.2724924,-0.46978164
364,1747532766510,1.5958903,0.6677406,0.3219115,-1.5318503,2.9635658,-0.8378305
365,1747532766520,1.5232833,0.6673745,0.34168016,-0.93104115,1.67353045,-1.5901735499999998
366,1747532766530,1.5269441499999998,0.67030318,0.368770495,-0.677508215,1.10973925,-1.82293385
367,1747532766540,1.57905035,0.6462635800000001,0.389393335,-0.423708945,0.55926385,-2.05729195
368,1747532766550,1.75452755,0.59794025,0.40367069,-0.1888181275,0.095074865,-2.4743429
369,1747532766560,1.9805245,0.53570565,0.400375915,-0.0644484975,-0.04953479615,-2.9750173
370,1747532766570,2.1391618,0.46736964,0.39390841,-0.0266316111499999,0.10546118385,-3.42509165
371,1747532766580,2.29804315,0.38072932,0.395616815,0.02290318585,0.317715125,-3.9084554
372,1747532766590,2.54844585,0.204519977,0.39110175,0.152865447,0.534762755,-4.628307749999999
373,1747532766600,2.7813985,0.011836778,0.39317623,0.33688988,0.68842715,-5.30182115
374,1747532766610,2.95943825,-0.118733844,0.38756291,0.533164845,0.7704525,-5.72260065
375,1747532766620,3.22265395,-0.243691145,0.3250842499999999,0.70813453,0.810133605,-6.155098
376,1747532766630,3.5470061,-0.363523245,0.209645175,0.790692535,0.797883065,-6.635266
377,1747532766640,3.97630275,-0.599160525,0.0381949599999999,0.81226414,0.78989357,-6.903979
378,1747532766650,4.3315278500000005,-0.87872815,-0.0612583675,0.647680775,0.938231685,-8.317052
379,1747532766660,4.49675475,-1.06543195,-0.016595892,0.65353975,1.0828413,-8.815596
380,1747532766670,4.62659325,-1.24371575,0.0517401355,0.8018778,1.2596752,-9.270464
381,1747532766680,4.68492285,-1.45421515,0.0533265075,1.217863575,1.4109428,-9.828929
382,1747532766690,4.6883397,-1.5741693,0.022453265,1.5222629,1.4721955,-10.171678
383,1747532766700,4.671499750000001,-1.7387859,-0.048933481,1.8993665,1.38724065,-10.5248125
384,1747532766710,4.640870550000001,-1.8327479,-0.066261545,2.1792648,1.27006155,-10.773552
385,1747532766720,4.4918738000000005,-1.91926615,-0.0789525225,2.44957565,1.034371775,-11.0025835
386,1747532766730,4.08893535,-1.9363502,-0.238687995,2.60324,0.646615525,-10.947456
387,1747532766740,3.8055847,-1.91829,-0.38463423,2.6333337,0.4245079,-10.796455
388,1747532766750,3.5379759,-1.97747385,-0.535217525,2.2732745000000003,0.5091964,-10.6499815
389,1747532766760,3.2560898,-1.9772297,-0.5443697000000001,2.126268,0.525708,-10.630807
390,1747532766770,2.7546742,-2.0085911,-0.48738234,1.8114822,0.54435015,-10.57062
391,1747532766780,2.25850585,-2.0586228,-0.375848175,1.0761834,0.529702755,-10.180999
392,1747532766790,1.92622185,-2.05435175,-0.25113492,0.93476955,0.480167935,-9.95303225
393,1747532766800,1.7515988,-2.038366,-0.18548352,0.8863,0.4564658,-9.8185425
394,1747532766810,1.38892975,-1.9466005,-0.07309515,0.89215897,0.4154531299999999,-9.36900075
395,1747532766820,1.0262607,-1.854835,0.03929322,0.89801794,0.37444046,-8.919459
396,1747532766830,0.57499887,-1.6769174,0.153023888,1.04475813,0.2010686625,-7.808921
397,1747532766840,0.38390204,-1.5929617,0.22965786,1.1435614,0.068176925,-7.27043
398,1747532766850,0.08468786205,-1.4831359000000002,0.310806915,1.4961639,-0.24181503,-6.36495525
399,1747532766860,-0.09530435795,-1.4588522,0.30702404,1.6745957,-0.3486078,-5.84430725
400,1747532766870,-0.33838539,-1.44420875,0.222702255,1.7800569,-0.3137203899999999,-5.0853065
401,1747532766880,-0.54790854,-1.4407919,0.091887555,1.74064215,-0.1984055049999999,-4.3542685
402,1747532766890,-0.6057501,-1.4467713,0.0319715,1.6719326,-0.14594123,-4.121508
403,1747532766900,-0.758896,-1.49985385,-0.1505833175,1.2181299499999998,0.097738015,-3.50285575
404,1747532766910,-0.8707962499999999,-1.5497635,-0.243935205,0.8013452,0.304133,-3.11616475
405,1747532766920,-1.09642715,-1.61883175,-0.29030609,0.079095875,0.598145985,-2.40909555
406,1747532766930,-1.3437792,-1.66532465,-0.27761511,-0.582167045,0.80214412,-1.58564615
407,1747532766940,-1.48935935,-1.67191415,-0.223068315,-0.74728304,0.82078624,-1.2799152
408,1747532766950,-1.594792,-1.67350055,-0.15363404,-1.03623598,0.72091775,-0.1446096649999999
409,1747532766960,-1.64091885,-1.65983335,-0.0680919725,-1.10015185,0.6130597,0.714259835
410,1747532766970,-1.5209648,-1.6039442,0.0403914725,-0.99415805,0.469248985,2.03891625
411,1747532766980,-1.3955194,-1.5631866,0.10079564,-0.8101336,0.366983605,3.3041841
412,1747532766990,-1.1044811,-1.4797191,0.1206863069999999,-0.65646922,0.34168358,4.114850499999999
413,1747532767000,-0.8842194,-1.40845435,0.126177592,-0.5177185200000001,0.32144356,4.8259145
414,1747532767010,-0.55462008,-1.3377997499999998,0.108849527,-0.3779025649999999,0.2908172,5.54070665
415,1747532767020,-0.275784695,-1.29679815,0.065285314,-0.279365615,0.24714135,6.1388526500000005
416,1747532767030,-0.153145925,-1.28447325,0.005613317,-0.2759034999999999,0.205329725,6.47015
417,1747532767040,-0.09811102,-1.2800802,-0.03099527,-0.2892193,0.18588865,6.630206
418,1747532767050,-0.04710305205,-1.27288055,-0.072607032,-0.34168357,0.2029328799999999,6.7772125
419,1747532767060,0.222580205,-1.3008251,-0.203543745,-0.7752462499999999,0.4410194899999999,7.5010595
420,1747532767070,0.41953441,-1.33340675,-0.26077518,-1.1560783,0.58882495,7.919975
421,1747532767080,0.55864701,-1.3487824,-0.301776795,-1.4737934,0.5978797,8.124772
422,1747532767090,0.6983698,-1.38526895,-0.331917865,-1.79017695,0.5254417,8.275507000000001
423,1747532767100,0.86005775,-1.4499441,-0.33252801,-2.1180121,0.41145838,8.4334325
424,1747532767110,1.1174161,-1.5552548,-0.269927325,-2.53666105,0.2335592225,8.695221
425,1747532767120,1.3816081,-1.66105355,-0.1790159949999999,-2.8735509,0.0617853375,8.9887015
426,1747532767130,1.58417555,-1.74415505,-0.1103138725,-3.00857315,-0.0535295375,9.224125
427,1747532767140,1.81297925,-1.82286365,-0.04368624475,-3.0897996,-0.1632517825,9.455287
428,1747532767150,2.06081955,-1.86862435,0.01659589275,-3.1055122500000003,-0.27856667,9.643839
429,1747532767160,2.45497195,-1.884488,0.07956266,-2.96463095,-0.5235775,9.7458385
430,1747532767170,2.85156495,-1.89974165,0.141553195,-2.72840855,-0.847684205,9.767676
431,1747532767180,3.1011135000000003,-1.931347,0.183775105,-2.48366415,-1.105211875,9.7058905
432,1747532767190,3.2952609,-1.97735175,0.2180651499999999,-2.16728055,-1.252751,9.5271925
433,1747532767200,3.3718948,-2.00371,0.23600335,-1.9893813,-1.2857742,9.408948
434,1747532767210,3.3718948,-2.00371,0.23600335,-1.9893813,-1.2857742,9.408948
435,1747532767220,3.4002056,-2.09205865,0.324596125,-1.225853035,-1.0394318,9.1397025
436,1747532767230,3.45048135,-2.2919416,0.304827495,0.402137305,-0.48549429,9.090967
437,1747532767240,3.5344369,-2.3723585,0.163762415,0.7201187499999999,-0.32597092,9.337841999999998
438,1747532767250,3.6465813,-2.42483075,-0.022575295,0.849282085,-0.135821216,9.619338
439,1747532767260,3.8578129,-2.4414266,-0.298115905,0.56965016,0.030093724,9.9250685
440,1747532767270,4.0917417,-2.37601935,-0.50178168,0.06764429,0.03515373,10.0369215
441,1747532767280,4.21950555,-2.19139,-0.52911613,-0.350205685,-0.15659388,9.8371845
442,1747532767290,4.277957349999999,-1.9097479,-0.53680395,-0.7659251499999999,-0.46365635,9.45076
443,1747532767300,4.21901765,-1.41065085,-0.5723142750000001,-1.2857742,-0.82398205,8.7815075
444,1747532767310,4.0524485,-0.91582482,-0.54156305,-2.2759375,-1.05407915,7.4632425
445,1747532767320,3.8659887,-0.6242984549999999,-0.361936915,-3.27195985,-0.97764642,6.101036000000001
446,1747532767330,3.7723927,-0.48665017,-0.23942018,-3.81417935,-0.662594495,5.17585375
447,1747532767340,3.552009,-0.23868799,0.09005712,-4.0378847,-0.46339005,4.7233825
448,1747532767350,3.060966,0.16083373,0.8927614,-4.075169,0.7105314,3.0216227
449,1747532767360,2.86096105,0.269439195,1.16354295,-3.4615768,1.34542905,2.31268915
450,1747532767370,2.5530828,0.4242935,1.4539711,-2.3001723,2.2807312,1.254348875
451,1747532767380,2.31341865,0.49897502,1.3884417,-1.36460375,2.70923375,0.70067769
452,1747532767390,2.1816278,0.5274077,1.3032657,-0.9768475,2.8373318,0.49641323
453,1747532767400,1.82701255,0.517157315,0.70020025,0.167779156,2.83173915,-0.2490055649999999
454,1747532767410,1.7534293,0.5169132350000001,0.515815,0.39521312,2.6003105,-0.48363005
455,1747532767420,1.71730885,0.524479,0.371699185,0.545948035,2.2280006,-0.737429315
456,1747532767430,1.7058381,0.5405868,0.2804217599999999,0.659931335,1.75635475,-1.032507565
457,1747532767440,1.6805782,0.5605994700000001,0.20598431,0.7568703999999999,0.972320135,-1.53131765
458,1747532767450,1.6742327499999998,0.54595605,0.14033292,0.7478156499999999,0.192013925,-2.0865868
459,1747532767460,1.6936352,0.49726665,0.12178457,0.6194512999999999,-0.15899072,-2.4711472
460,1747532767470,1.722922,0.444428235,0.163030245,0.4751079649999999,-0.29614351,-2.8043086
461,1747532767480,1.76721845,0.38573247,0.2502807099999999,0.361923605,-0.2612561,-3.1164312
462,1747532767490,1.8276227,0.2643139949999999,0.3699907999999999,0.31851408,-0.1933455,-3.2639704
463,1747532767500,1.9362281,0.140210892,0.467003555,0.357662545,0.81865575,-3.7971351
464,1747532767510,2.1075563500000003,0.068214002,0.4999512699999999,0.5241101149999999,1.22532045,-4.0871534
465,1747532767520,2.33440755,-0.030507155,0.488602595,0.7584683,1.54889455,-4.489557
466,1747532767530,2.626056,-0.25784649,0.43588623,1.19362885,1.67299785,-5.37079685
467,1747532767540,2.79592,-0.42636803,0.4024504,1.4998924,1.6628778,-6.017146
468,1747532767550,2.96322105,-0.67933333,0.4471128749999999,1.95848865,1.21626565,-6.7138290000000005
469,1747532767560,3.11331625,-0.81161238,0.441865625,2.2256037,0.9254485,-7.0714916500000005
470,1747532767570,3.201543,-0.869576,0.4183141,2.334527,0.7978831,-7.2294173
471,1747532767580,3.8185194,-1.10411503,0.187069885,2.11561525,0.8804411,-7.8845553
472,1747532767590,4.171182,-1.2337095,0.05735345,1.8604844,1.0620687,-8.248876
473,1747532767600,4.56204,-1.4972911999999998,0.05039782125,1.2213256499999998,1.64237145,-9.106413
474,1747532767610,4.6653983,-1.6460441499999998,0.205740265,0.964863215,1.90842125,-9.67846
475,1747532767620,4.65795445,-1.8049254,0.548884765,1.027447565,1.94117815,-10.081929
476,1747532767630,4.53739015,-1.9426956,0.8255236850000001,1.6839168,1.7619474,-10.494719
477,1747532767640,4.438669,-1.9841853,0.8664033,2.2327943,1.613343,-10.735735
478,1747532767650,4.0506179,-2.1098749,0.8395569350000001,3.21230505,1.35448375,-10.859306
479,1747532767660,3.683678,-2.08632345,0.6784791349999999,3.6890108,1.165133,-10.677412
480,1747532767670,3.4765956,-2.0498369,0.5637722,3.869573,1.0849719,-10.51416
481,1747532767680,2.70830325,-1.90779555,0.078220349,3.83362055,1.07671605,-9.351158
482,1747532767690,2.3804123,-1.76709655,-0.0007321705,3.60911605,0.93024217,-8.829444500000001
483,1747532767700,2.11829495,-1.67545295,-0.0516181075,3.34572935,0.7821704199999999,-8.315188
484,1747532767710,1.89961965,-1.6248111,-0.053448536,3.0852722,0.6109291649999999,-7.8802938
485,1747532767720,1.5463467,-1.55196005,0.031361359,2.82481505,0.25992452615,-7.38388065
486,1747532767730,1.2954559,-1.4970472,0.10128376,2.65543795,-0.11797803885,-6.926349650000001
487,1747532767740,1.0775127,-1.4726415,0.14277348,2.624279,-0.2412824,-6.7729516
488,1747532767750,0.7919657550000001,-1.44786965,0.199638835,2.60537055,-0.55127435,-6.2957126500000005
489,1747532767760,0.70166457,-1.4348125,0.21745501,2.6120284,-0.6428871,-6.1210093
490,1747532767770,0.23283062,-1.3612293,0.20354375,2.6615633,-0.686296625,-5.658951399999999
491,1747532767780,0.05466882,-1.36427995,0.167423275,2.6522422,-0.6194512750000001,-5.331915
492,1747532767790,-0.0319715,-1.3664765,0.15253578,2.6280074,-0.5885586,-5.229383
493,1747532767800,-0.300678535,-1.3441451999999998,0.04344219138,2.43599355,-0.602673365,-4.9212555
494,1747532767810,-0.45992589,-1.34963655,-0.0525943336199999,2.2181469,-0.582167015,-4.6669235
495,1747532767820,-0.6476059000000001,-1.4233419,-0.20696054,1.59443455,-0.35100462,-4.15453135
496,1747532767830,-0.861155975,-1.4856984999999998,-0.3342364,0.8468852499999999,0.004527375,-3.573696
497,1747532767840,-1.0470056,-1.4839901,-0.366818045,0.3443467325,0.303067745,-3.10551225
498,1747532767850,-1.20625295,-1.48435625,-0.3763362799999999,-0.1328917425,0.5978797,-2.5561021
499,1747532767860,-1.2773956,-1.4887493,-0.3785328,-0.36272255,0.7414241,-2.263687
500,1747532767870,-1.5299948,-1.5070535,-0.3192269,-1.0807108,1.2037488,-0.89535475
501,1747532767880,-1.6249331,-1.492166,-0.23795582,-1.2815131,1.2665994,-0.103863284
502,1747532767890,-1.6666669500000002,-1.4331041999999998,-0.112876475,-1.35608165,1.1446266500000002,1.2066783
503,1747532767900,-1.59113125,-1.4117492,-0.032093526,-1.26153945,0.97072225,2.1952437
504,1747532767910,-1.31461435,-1.3870994,0.064431117,-0.9321064,0.7022756,3.4911379
505,1747532767920,-0.9831846,-1.368429,0.128984263,-0.54088802,0.47564057,4.5665225
506,1747532767930,-0.8683557,-1.3689171,0.13911264,-0.249538193,0.36112465,5.1646685
507,1747532767940,-0.6745742,-1.3972276,0.11202228,-0.104928546,0.30999196,5.444034
508,1747532767950,-0.53180075,-1.4340804,0.037584815,0.14061491,0.18322548,5.953763
509,1747532767960,-0.223678473,-1.50998215,-0.144970005,0.30146983,0.04474111,6.42461
510,1747532767970,-0.082491346,-1.5485432,-0.22355644,0.3616573,-0.07989483,7.306116
511,1747532767980,0.171328175,-1.6063847999999998,-0.33801928,0.0716390349999999,0.0471379505,7.9617865
512,1747532767990,0.28432667,-1.6322548,-0.37316352,-0.09321064,0.1107875,8.192416
513,1747532768000,0.82942855,-1.6986384499999998,-0.4069654499999999,-0.675910295,0.15925704,8.489891499999999
514,1747532768010,1.23920065,-1.7203594999999998,-0.39073565,-1.286306835,0.058855863,8.419318
515,1747532768020,1.48289185,-1.74159255,-0.36059459,-1.88977915,-0.0878843219999999,8.1993405
516,1747532768030,1.6916828,-1.76612035,-0.3414360899999999,-2.28153015,-0.157659145,7.9743033
517,1747532768040,1.7801535,-1.7786893,-0.3372871,-2.4756746,-0.17630127,7.8541946
518,1747532768050,1.94440405,-1.95758325,-0.235393215,-3.24106705,0.071639035,7.6579199
519,1747532768060,2.0366577,-2.15404945,-0.0965246415,-3.72682775,0.37257624,7.82436765
520,1747532768070,2.1037735,-2.26314285,0.0497876735,-3.85625745,0.5539375200000001,8.1881555
521,1747532768080,2.1459954,-2.3143947,0.12690976,-3.8040594,0.67990505,8.683503000000002
522,1747532768090,2.336604,-2.3976183,0.29311275,-3.7268276,0.727043,8.961004
523,1747532768100,3.2560898,-2.4511891,0.53729201,-3.14918805,0.61545655,9.7644805
524,1747532768110,3.9712997,-2.3966422,0.5807342,-2.3502397,0.362988845,9.9887185
525,1747532768120,4.155563,-2.3583252,0.5547421,-1.7949706,0.18002969,10.001235
526,1747532768130,4.445747,-2.2880366,0.49543622,-1.2980248,-0.09960223,9.63798
527,1747532768140,4.672232,-2.1813836,0.43759465,-0.72917354,-0.4596616,9.001485
528,1747532768150,4.62683725,-1.8836338,0.2966516,-0.039947415,-0.5962817650000001,8.271512000000001
529,1747532768160,4.47759625,-1.7092549,0.20683852,0.32437303,-0.4748416199999999,7.969509500000001
530,1747532768170,4.3763125,-1.5570852,0.209767205,0.52783852,-0.307595115,7.83448735
531,1747532768180,4.1931477,-1.25652875,0.253331425,0.774713565,-0.214384475,7.6565881
532,1747532768190,3.9932648,-0.954141815,0.25735837,1.171258315,-0.24554346,7.2736256
533,1747532768200,3.9271252,-0.85566473,0.24112856,1.4333134,-0.29454562,6.9897327
534,1747532768210,3.7732471,-0.5861035,0.19256117,1.62346305,-0.45034056,6.440056350000001
535,1747532768220,3.5459077,-0.196344065,0.110191848,1.84051065,-0.6836334850000001,5.552691
536,1747532768230,3.3732372,0.031361355,0.054058678,1.86527805,-0.821052585,4.852013299999999
537,1747532768240,3.0309470000000003,0.28237425,0.0,1.7848506,-0.835433635,3.86264905
538,1747532768250,2.787866,0.42587993,-0.03172744,1.7065537,-0.78989357,3.2362735
539,1747532768260,2.4089671,0.54937285,-0.063820971,1.4791197,-0.418915245,2.60004425
540,1747532768270,2.2244599000000003,0.62100365,-0.075535715,1.3318469,-0.0929443299999999,2.26635015
541,1747532768280,2.1420906,0.656514,-0.08297946,1.2639363,0.08575379,2.1150825
542,1747532768290,1.82701255,0.8312589699999999,-0.2634598,0.82850945,0.916393775,1.46740185
543,1747532768300,1.7550156499999998,0.9200958,-0.32423006,0.638093425,1.11613085,1.2005531
544,1747532768310,1.70193325,0.99831615,-0.3964710099999999,0.42104578,1.2194614499999998,0.916393775
545,1747532768320,1.66227395,1.0651878,-0.47334905,0.1667138799999999,1.21999415,0.60826601
546,1747532768330,1.6185877,1.14658085,-0.5520575000000001,0.0314253,1.1968247,0.44900897
547,1747532768340,1.5973547,1.194172,-0.5942794,-0.60933125,0.89801794,-0.16245283
548,1747532768350,1.6684974,1.2056428,-0.5471763199999999,-1.08816765,0.6077333650000001,-0.64634919
549,1747532768360,1.7381757,1.2012497,-0.45431255,-1.38271325,0.40746365,-1.041029675
550,1747532768370,1.82444995,1.1748915,-0.33008744,-1.6130767,0.241548715,-1.46713545
551,1747532768380,1.91511725,1.073973875,-0.1646166235,-1.8048243,0.19014971,-2.0996362
552,1747532768390,1.9735689,0.939376355,0.0012202865,-1.9307918,0.257793995,-2.7433222500000003
553,1747532768400,1.99028685,0.8241813499999999,0.123981085,-1.9305255,0.395213115,-3.14705755
554,1747532768410,2.0102995000000004,0.703128935,0.233806835,-1.8596854,0.562459635,-3.5246939
555,1747532768420,2.13025365,0.528750015,0.3798751099999999,-1.7086842,0.72491247,-3.9121838
556,1747532768430,2.2367847,0.4131889,0.47786412,-1.6106799,0.7978831,-4.1151166
557,1747532768440,2.3942016500000003,0.26126329,0.60452985,-0.56166067,0.90494215,-5.33404535
558,1747532768450,2.4527755,0.19963883,0.6294237,-0.121440143,0.783502015,-5.7367155
559,1747532768460,2.6355743,0.07175283,0.61892915,0.091080114,0.70147663,-5.936719
560,1747532768470,3.1039199,-0.239664223,0.6186851250000001,0.7808387999999999,0.2649845309999999,-6.81476305
561,1747532768480,3.4055747,-0.46224445,0.679333325,1.2399678,-0.124902249,-7.4227627
562,1747532768490,3.4907508,-0.5276518,0.7070338,1.3709954,-0.2647182,-7.590542
563,1747532768500,3.79862895,-0.756577465,0.719846845,1.5915051,-0.51745221,-7.9796295
564,1747532768510,4.0385371,-0.9457218,0.73034132,1.67326415,-0.544083825,-8.2576635
565,1747532768520,4.348734,-1.2512815000000002,0.7742716000000001,1.7872475,-0.378967825,-8.6187885
566,1747532768530,4.56265035,-1.5225512,0.79782312,1.91028555,-0.1083906575,-8.871256500000001
567,1747532768540,4.5975506,-1.6427494,0.77768842,1.99364245,0.1209075175,-8.92025825
568,1747532768550,4.5760736,-1.72280015,0.7615806199999999,2.07406985,0.25513085,-8.896555750000001
569,1747532768560,4.5509357,-1.7503786,0.75486904,2.1150825,0.283893,-8.868859
570,1747532768570,4.37472605,-1.76685245,0.8077074500000001,2.38592605,-0.2010686699999999,-8.654475000000001
571,1747532768580,4.2033977,-1.7788113,0.8411433,2.6716832,-0.78563253,-8.4898915
572,1747532768590,4.136526,-1.7921125,0.8358961,2.7867317,-1.0199907,-8.436362
573,1747532768600,3.7559191,-1.8447067,0.6995901,2.90604135,-1.31906365,-8.3519395
574,1747532768610,3.24010395,-1.8687464,0.513130365,2.74278965,-1.2410331,-8.227836
575,1747532768620,2.67889425,-1.86569565,0.32996538,2.5742116,-1.1126688,-8.129565
576,1747532768630,2.29828715,-1.83323605,0.235515235,2.2716765,-0.8431568,-7.9261003
577,1747532768640,2.1108513,-1.8135895,0.19671014,1.9121497,-0.5800365,-7.671502
578,1747532768650,1.72255605,-1.77478435,0.219529495,1.43890595,-0.262321375,-7.251255
579,1747532768660,1.3751406,-1.71474625,0.33399234,1.237571,-0.136353848,-6.7907947
580,1747532768670,1.044442975,-1.65397595,0.45492271,1.1616709,-0.098004326,-6.471482
581,1747532768680,0.834187655,-1.6244450499999998,0.52460105,1.3475595,-0.112385398,-6.083459
582,1747532768690,0.605750115,-1.5802706999999998,0.5729244,1.57632505,-0.130761208,-5.8328555
583,1747532768700,0.4036707,-1.54903135,0.557182735,1.81734115,-0.2231728949999999,-5.581453
584,1747532768710,0.1015278225,-1.5922295,0.394030435,2.00243085,-0.4324973549999999,-5.273858
585,1747532768720,-0.2401523324999999,-1.64409175,0.170351945,2.00030035,-0.555269095,-4.96439885
586,1747532768730,-0.46505107,-1.6595894,-0.0007321729999999,1.74596845,-0.4996090399999999,-4.67384785
587,1747532768740,-0.56743306,-1.670816,-0.082003236,1.5701998,-0.45486793,-4.505536
588,1747532768750,-0.74535084,-1.701323,-0.21403822,0.96406436,-0.22743396,-3.983024
589,1747532768760,-0.8773858,-1.722312,-0.2923806,0.41598576,0.03834952,-3.5068505
590,1747532768770,-1.11570765,-1.75037855,-0.30592576,-0.586161785,0.51159325,-2.53479675
591,1747532768780,-1.30192335,-1.74830405,-0.275662645,-1.20215095,0.777909365,-1.76461055
592,1747532768790,-1.3650122,-1.7467177,-0.26162934,-1.3619406,0.84155893,-1.4871092
593,1747532768800,-1.52145285,-1.7359791,-0.211475595,-1.6636768000000002,0.90654003,-0.475906895
594,1747532768810,-1.57111855,-1.696808,-0.142285375,-1.73931055,0.7411577300000001,0.899615805
595,1747532768820,-1.48484435,-1.66264,-0.04978768,-1.66980205,0.468982675,2.35876185
596,1747532768830,-1.2882562000000002,-1.6426273,0.015375607,-1.4887071,0.29321404,3.2506546
597,1747532768840,-1.1785524,-1.6288381,0.037828874,-1.3827133,0.22370553,3.6852825
598,1747532768850,-0.7952605500000001,-1.6047984,0.040391473,-1.07352023,0.188551805,4.8592038
599,1747532768860,-0.65846646,-1.6044323,0.032215554,-0.97951066,0.20293288,5.2245893
600,1747532768870,0.0438082729999999,-1.59540225,-0.0777322365,-0.781904105,0.39361522,6.60064485
601,1747532768880,0.361448795,-1.60260195,-0.137038145,-0.81652518,0.337688835,6.9407307
602,1747532768890,0.70117648,-1.6049205,-0.20622837,-0.917459,0.085753787,7.10531415
603,1747532768900,1.02186765,-1.5922295,-0.289207845,-0.984837,-0.101200126,7.1410003
604,1747532768910,1.3313322,-1.5597699,-0.36999079,-1.2916332,-1.00427805,6.89385895
605,1747532768920,1.5215749,-1.55244815,-0.40208431,-1.546764,-1.5965651,6.7604343
606,1747532768930,1.60028345,-1.60406625,-0.389027255,-1.7286579,-1.72413055,6.842726
607,1747532768940,1.6675212,-1.6695956,-0.360960685,-1.9212044,-1.5701998,7.043794999999999
608,1747532768950,1.83335805,-1.7387858,-0.280787875,-2.1249362,-1.173655085,7.326888999999999
609,1747532768960,2.09303495,-1.8011425,-0.1649827,-2.43998825,-0.248472935,7.7817565
610,1747532768970,2.4032317,-1.83628675,-0.0220871824999999,-2.6804717,0.6860303249999999,8.135957000000001
611,1747532768980,2.8188611,-1.84287625,0.1470444875,-2.6863306,1.123055025,8.160991
612,1747532768990,3.0451021,-1.8355545,0.22892569,-2.6615632,1.3070794,8.129033
613,1747532769000,3.9334707,-1.6725243,0.52472305,-2.28818795,1.60029355,7.6240977
614,1747532769010,4.05513335,-1.51522945,0.733269975,-1.51560495,1.4921692000000002,7.2038509
615,1747532769020,4.176796,-1.3579346,0.9418169,-0.9193232,1.3534185,6.9939938
616,1747532769030,3.9935088,-1.1471911,0.933030875,-0.021305295,0.94488955,7.6328861
617,1747532769040,3.943233,-1.0845904,0.8742131,0.21624869,0.783502,7.950601
618,1747532769050,4.46929825,-0.713257315,0.7237517499999999,0.6346312999999999,0.1723065289999999,9.049422
619,1747532769060,5.060404999999999,-0.370356875,0.73436823,0.76645775,0.002663159,9.043563
620,1747532769070,5.238445,-0.25406358,0.76267886,0.7888283,0.03195793,8.813998
621,1747532769080,5.320936,-0.0319715,0.77292925,0.79735047,0.3073288,8.058725
622,1747532769090,4.7657056,0.3607166,0.6211257,0.716923,0.7339672,7.1985245
623,1747532769100,4.265877,0.53765815,0.5696296,0.34088463,1.5020229,5.622998
624,1747532769110,3.81668935,0.653341275,0.52301469,0.1523328185,1.62745775,5.0874365
625,1747532769120,3.1826285,0.8223509,0.46639341,-0.1038632865,1.7108147,4.2759715
626,1747532769130,2.80348565,0.9664667,0.45345835,-0.1613875699999999,1.577923,3.7678404
627,1747532769140,2.609216,1.057256,0.45052966,-0.15126756,1.4871092,3.5356128
628,1747532769150,2.2731492,1.1946601499999998,0.30116664,0.2245044849999999,0.7922904,2.3315976000000003
629,1747532769160,2.0196957500000003,1.26214205,0.1315468565,0.262055055,0.51851745,1.87033805
630,1747532769170,1.7617273,1.3109535499999998,-0.0519841935,0.25246766,0.396811,1.6468989
631,1747532769180,1.6386005,1.3303561,-0.136428,0.10013486,0.27004454,1.2420983
632,1747532769190,1.1357204,1.3999123999999998,-0.34729347,-0.76193035,0.4239752499999999,0.49481533
633,1747532769200,1.03480275,1.38002175,-0.341192055,-1.17711715,0.586960725,0.25992453
634,1747532769210,0.9972179,1.3703815,-0.31654227,-1.3443637,0.66632295,0.16458336
635,1747532769220,0.95694845,1.3561041,-0.173036595,-1.61254405,0.7739146299999999,-0.135821216
636,1747532769230,0.965490435,1.3589108,-0.041733789,-1.6189356,0.66179555,-0.512125895
637,1747532769240,0.97549677,1.3657444,0.039781332,-1.5760587,0.5454154,-0.77924097
638,1747532769250,0.9664667,1.3542737,0.08175918,-1.4780544,0.38296258,-1.0471549
639,1747532769260,0.96366005,1.34219285,0.095426385,-1.433047,0.31611723,-1.1699266499999998
640,1747532769270,1.03285025,1.26848755,0.1344755425,-1.2929647,0.122239095,-1.65169255
641,1747532769280,1.0987457,1.2371262,0.1513155,-1.2665994,0.08628642,-1.7848506
642,1747532769290,1.1992973,1.2166255,0.15302388,-1.1787151,0.096939065,-2.28659
643,1747532769300,1.30119115,1.16305485,0.1980524599999999,-1.10760875,0.23382555,-2.6815369
644,1747532769310,1.36147325,1.1148535000000002,0.26895108,-1.04182865,0.4114584,-2.9063077
645,1747532769320,1.46946865,1.02638275,0.38207162,-0.8506137,0.73077142,-3.2320123
646,1747532769330,1.60980165,0.9347393,0.49580232,-0.559530185,0.99762017,-3.57476115
647,1747532769340,1.6705719,0.9056965,0.53887844,-0.42077947,1.0524813,-3.6964676
648,1747532769350,1.8976671,0.836994335,0.66200528,0.330231975,0.91612742,-4.1422808
649,1747532769360,2.07460855,0.768658325,0.690315935,0.8066715,0.70573772,-4.3777043
650,1747532769370,2.366135,0.62942365,0.6653000849999999,1.4301175499999998,0.30972566,-4.7417585
651,1747532769380,2.69561245,0.4846977,0.627837285,1.96567925,-0.09720538,-5.12285685
652,1747532769390,2.8198376,0.43710655,0.61502427,2.1124194,-0.23276028,-5.2533517
653,1747532769400,3.0453465,0.36047253,0.5947675,2.3441145,-0.47031426,-5.5239286
654,1747532769410,3.2706113,0.27334413,0.55718267,2.4932516,-0.6599313,-5.815811
655,1747532769420,3.8434135,0.068702113,0.58732377,2.53852525,-0.97258643,-6.7031765
656,1747532769430,4.088691,-0.035388297,0.6961733,2.5547705,-1.0908308,-7.0461918
657,1747532769440,4.233539,-0.164982695,0.88434145,2.65863375,-1.35155425,-7.343933099999999
658,1747532769450,4.3250605,-0.27663889,1.0887394,2.84106035,-1.7459684000000002,-7.5109131
659,1747532769460,4.6030415,-0.48494177,1.23395345,3.1848745000000003,-2.1070931,-7.57988905
660,1747532769470,4.8665012,-0.5289941,1.16512935,3.4461305,-2.1281321,-7.63048925
661,1747532769480,4.9348373,-0.46724758,0.84870913,3.3180325,-1.8208033,-7.726362999999999
662,1747532769490,4.9599752,-0.5181335,0.65846646,3.163303,-1.6490294,-7.791344
663,1747532769500,4.548617,-0.962195695,0.590008375,2.5686189,-1.11852765,-8.3130575
664,1747532769510,3.7586037,-1.04102612,0.542417225,2.0117519,-0.998152815,-8.008658350000001
665,1747532769520,3.2510866,-1.21552705,0.468101785,1.51533865,-0.668453455,-7.65285985
666,1747532769530,2.8470499,-1.30058105,0.508859355,1.3385047499999998,-0.364853085,-7.4816185
667,1747532769540,2.3700400000000004,-1.33230855,0.60587212,1.2918995,-0.245010825,-7.212639299999999
668,1747532769550,1.80443725,-1.35854475,0.6793333500000001,1.4061491,-0.37097834,-6.65044595
669,1747532769560,1.3872214,-1.37794725,0.6812857999999999,1.58724405,-0.55020909,-6.07839895
670,1747532769570,1.17965065,-1.38112,0.6257628,1.72040215,-0.62797341,-5.6973008
671,1747532769580,0.99965845,-1.3851469500000002,0.536559885,1.7824538,-0.6564692299999999,-5.34762775
672,1747532769590,0.8361400999999999,-1.40796625,0.439303055,1.7347832,-0.6226470799999999,-5.0972905
673,1747532769600,0.5121541000000001,-1.4448189,0.32191152,1.5243934499999998,-0.43010053,-4.75294375
674,1747532769610,0.1248352719999999,-1.4627571,0.219651525,1.2618058,-0.19600866,-4.3233757
675,1747532769620,-0.1411871079999999,-1.4448189,0.160955755,1.0599382,-0.0687095585,-3.8940742
676,1747532769630,-0.25528386,-1.4296874,0.13496366,0.9576728,-0.018109497,-3.657053
677,1747532769640,-0.466149345,-1.3869774,0.0940840675,0.67138295,0.0247673995,-2.8660940000000004
678,1747532769650,-0.5525456049999999,-1.37538465,0.0921316125,0.469515315,0.0575242795,-2.10442995
679,1747532769660,-0.6150242699999999,-1.3709916,0.087616555,0.330764615,0.088949582,-1.42372595
680,1747532769670,-0.66224936,-1.3659884,0.0612583714999999,0.28495824,0.075633777,-1.061269725
681,1747532769680,-0.707766025,-1.37013735,0.02269732325,0.24234766,0.0359526745,-0.716390345
682,1747532769690,-0.7659736850000001,-1.36855105,-0.03148338325,0.18775286,-0.0191747605,-0.36991307
683,1747532769700,-0.838336635,-1.3695273,-0.12263876,0.031957933,-0.106792765,0.23196135
684,1747532769710,-0.877995925,-1.38026575,-0.19927274,-0.172572842,-0.176034955,0.8937568499999999
685,1747532769720,-0.874823175,-1.3775811,-0.221848045,-0.35819517,-0.179763375,1.4514228
686,1747532769730,-0.8690878,-1.3698933,-0.22599702,-0.46232477,-0.17097494,1.7710022
687,1747532769740,-0.81319875,-1.3550059,-0.2169669,-0.6130597,-0.14008227,2.3052323
688,1747532769750,-0.653829365,-1.33194245,-0.16632502,-0.8202536,0.0234358199999999,3.4037863
689,1747532769760,-0.478108135,-1.30936715,-0.127275855,-0.9305085,0.133690695,4.214985
690,1747532769770,-0.3126373249999999,-1.29264915,-0.11519502,-0.9859023,0.14620755,4.7031423
691,1747532769780,-0.106530987,-1.29130685,-0.11031388,-1.0343718000000002,0.079894834,5.10927465
692,1747532769790,0.012690976,-1.2966762,-0.10860548,-1.0567423,0.023435818,5.2869077
693,1747532769800,0.38512234,-1.295822,-0.115072995,-1.08683605,-0.33955305,5.608085
694,1747532769810,0.8700641499999999,-1.23822445,-0.175843245,-1.12145715,-0.9044095,5.5108795
695,1747532769820,1.2894765499999998,-1.16134635,-0.27090354,-1.1906994,-1.43917225,5.2376392
696,1747532769830,1.36513425,-1.1251039,-0.33814132,-1.32865115,-1.66660625,5.11486745
697,1747532769840,1.36598845,-1.17220695,-0.412700805,-1.7467673499999998,-1.56061245,5.40488555
698,1747532769850,1.40967465,-1.2593353500000002,-0.447967085,-2.27806795,-1.151550885,5.9822588
699,1747532769860,1.5877144,-1.30900105,-0.4202666,-2.6985811,-0.729706135,6.5061025
700,1747532769870,1.87655625,-1.3445114,-0.39500665,-3.1569111000000003,-0.343814085,6.9844062000000005
701,1747532769880,2.4079909500000003,-1.34768415,-0.302630975,-3.6615802,-0.0940095875,7.2632394
702,1747532769890,2.89879,-1.3122958,-0.142407405,-3.9358858,-0.0801611525,7.3263564
703,1747532769900,3.1096555,-1.26726725,0.02440572,-3.86824155,-0.18775286,7.4019902
704,1747532769910,3.1939774,-1.244692,0.1147069,-3.59713185,-0.28309403,7.63554935
705,1747532769920,3.3832437000000004,-1.11253495,0.41562949,-3.1443944,-0.369380455,8.015316349999999
706,1747532769930,3.4465766,-1.0662861,0.49543622,-2.8794098,-0.41758367,8.232897
707,1747532769940,3.8270617,-0.9405966,0.6489482,-1.5286545,-0.49428272,9.126654
708,1747532769950,4.2285357,-0.8685997,0.64016217,-0.6892261,-0.44687843,9.348228
709,1747532769960,4.70859625,-0.5976962,0.6504125700000001,0.2197107985,-0.4066647,9.1109405
710,1747532769970,4.8910291,-0.41477529,0.61819702,0.723847205,-0.4364921,8.7072055
711,1747532769980,4.858447549999999,-0.12666572,0.4807928,0.9502159,-0.4596616,8.46832
712,1747532769990,4.7037151,0.18609365,0.30336317,1.4567492,-0.396811,7.3162365
713,1747532770000,4.6248846,0.31019676,0.23844394,1.5052186,-0.28549087,6.654707
714,1747532770010,4.4873583,0.41990051,0.19707623,1.48204915,-0.211188675,6.33938865
715,1747532770020,4.0288973,0.69336665,0.11202228,1.3443637,0.02130529,5.485047
716,1747532770030,3.3324796,0.99111655,0.08773858,1.04529075,0.2790992949999999,4.416054
717,1747532770040,3.2139897,1.0318741,0.07785426,0.9139969,0.36751625,3.930826
718,1747532770050,2.8253286500000003,1.11229085,0.0252599267499999,0.6585997299999999,0.43382895,3.16463435
719,1747532770060,2.690487,1.1324255,0.0014643435,0.5608617,0.44900897,2.9129655
720,1747532770070,2.400547,1.1353543,-0.06613952,0.30200246,0.4745753,2.4538367
721,1747532770080,1.6432373999999998,1.070069,-0.169741815,-0.55873121,0.570981735,1.5323829
722,1747532770090,1.4955828,1.0565238,-0.16400647,-0.73609775,0.60293967,1.3859091
723,1747532770100,1.219066,1.03163,-0.10860548,-1.0381002,0.67324716,1.1787151
724,1747532770110,1.082882035,1.0217456500000002,-0.058573742,-1.1603392499999998,0.71825458,1.1044129
725,1747532770120,0.646751725,0.994411235,0.1908527725,-1.21839615,0.80933467,0.97524963
726,1747532770130,0.532777,0.989164,0.28798756,-1.0956244,0.8064052,0.9731191
727,1747532770140,0.48445365,0.9969738,0.36096066,-0.64208814,0.7528756,1.002147515
728,1747532770150,0.592693025,1.0096648,0.369746715,-0.2916161379999999,0.6740460500000001,0.9622001
729,1747532770160,0.677747,1.0164984,0.35290676,-0.113983296,0.6199839,0.9150622
730,1747532770170,0.949504675,1.0893495999999998,0.1448479785,0.45220476,0.2343581844999999,0.1272991
731,1747532770180,1.06055075,1.1216872,-0.0510079665,0.6740460699999999,-0.1352885905,-0.631968145
732,1747532770190,1.03907375,1.1233956,-0.171084135,0.6165217700000001,-0.319313025,-1.061802325
733,1747532770200,0.9829406,1.12071095,-0.24271494,0.478037415,-0.39095205,-1.3883059
734,1747532770210,0.9497488,1.11082655,-0.27724904,0.28842036,-0.35766254,-1.6010925
735,1747532770220,0.9471862,1.1036268,-0.2894519,0.18162759,-0.31851408,-1.6825852
736,1747532770230,1.19734485,1.08483445,-0.346439255,-0.52837117,0.265517165,-2.11934355
737,1747532770240,1.2644606,1.0816617,-0.35290676,-0.69295454,0.4048005,-2.2434468
738,1747532770250,1.2644606,1.0816617,-0.35290676,-0.69295454,0.4048005,-2.2434468
739,1747532770260,1.5797825,1.0660421,-0.2677308,-1.5014903,0.89482213,-3.3084451
740,1747532770270,2.0426371,1.0012448,0.14216334,-1.5459651,0.90281163,-4.0381511
741,1747532770280,2.13184,0.9798898,0.2362474,-1.4966966,0.8852348,-4.528439
742,1747532770290,2.4221462,0.8527359999999999,0.51984191,-0.941427475,0.7584683,-5.1702609
743,1747532770300,2.59115585,0.7631669999999999,0.70410515,-0.370978343,0.64901235,-5.5478972
744,1747532770310,2.80263135,0.6175868499999999,0.7226535000000001,0.523044832,0.4870921499999999,-5.985454649999999
745,1747532770320,3.0525459,0.4788403,0.57743944,1.2207930500000002,0.33422672,-6.35829715
746,1747532770330,3.1742084,0.4378387,0.49909708,1.3486248,0.28495824,-6.467753
747,1747532770340,3.86098575,0.4148973299999999,0.36474356,1.3409016500000002,0.123038045,-6.9844062000000005
748,1747532770350,4.348368,0.445160415,0.35571343,1.1622035,0.0095873785,-7.3487267
749,1747532770360,5.03001975,0.37743452,0.45113981,1.0434265,-0.050600063,-7.5404744
750,1747532770370,5.72973205,0.180724395,0.671523525,0.28575719,0.206661307,-8.538361
751,1747532770380,5.9879446,0.06955632,0.80246025,0.18322548,0.36218992,-8.746354
752,1747532770390,6.287891,-0.1889003,1.0672623,0.20932446,0.8905611,-9.23318
753,1747532770400,5.824182049999999,-0.76902437,1.2509155,1.009604375,2.09084775,-9.7040265
754,1747532770410,5.1992736,-1.1003321,1.19551445,1.7419737,2.5989789,-9.6046905
755,1747532770420,4.7792512,-1.1874606,1.08483445,1.959554,2.5832663,-9.467005
756,1747532770430,4.44062175,-1.2677554,0.9729342,2.2596922,2.2458438000000003,-9.1439635
757,1747532770440,4.2990685,-1.3179091,0.925221,2.5598304,1.9084213,-8.820922
758,1747532770450,3.9096752,-1.54158765,0.861522065,2.8935245,1.3062805000000002,-8.535165
759,1747532770460,3.3705527,-1.75416145,0.724727975,3.143329,0.8958873700000001,-8.375642
760,1747532770470,2.8008011,-1.9455023,0.5682872750000001,3.2842102,0.67005134,-8.283497
761,1747532770480,2.6011622,-1.9976085,0.5171573,3.323625,0.60293967,-8.217982
762,1747532770490,2.382975,-2.01017755,0.48225712,3.3249566,0.638626035,-8.1338265
763,1747532770500,1.6556844,-2.0012693,0.3961049,3.3257556,0.77444726,-7.8099866
764,1747532770510,1.45275075,-1.98345315,0.35778792,3.2445293,0.84422208,-7.44087245
765,1747532770520,0.448211131,-1.87558,0.174622965,3.0173617,0.88550107,-6.461628
766,1747532770530,0.042465962,-1.820179,0.1261776,2.8714204,0.85700524,-5.8514977
767,1747532770540,-0.296163475,-1.7674626,0.033801927,2.6061696000000003,0.56831859,-4.6653257
768,1747532770550,-0.41855818,-1.7730758999999998,-0.099575363,2.145709,0.2996056299999999,-3.6679718
769,1747532770560,-0.49250749,-1.799434,-0.23161033,1.5827167,0.1965412899999999,-2.8304076
770,1747532770570,-0.5364378000000001,-1.83433425,-0.326792655,1.112935065,0.34887411,-2.4146881
771,1747532770580,-0.5460781,-1.913775,-0.408673865,0.568851215,0.59308596,-2.05809085
772,1747532770590,-0.5383903,-1.9697862,-0.44149956,0.0066578999999999,0.87618,-1.78591585
773,1747532770600,-0.63735545,-2.1375754,-0.48628408,-0.52118065,1.1496867000000002,-1.54703035
774,1747532770610,-0.8792161999999999,-2.2609464,-0.47993857,-1.14276245,1.3795175,-0.99069595
775,1747532770620,-1.1186364,-2.37540925,-0.463586735,-1.61920195,1.4809839,-0.251136076
776,1747532770630,-1.1846539,-2.4166548,-0.46200037,-1.7257284,1.4780544,0.056991648
777,1747532770640,-1.2996049,-2.4539957,-0.4502856,-1.8572886,1.3949639,1.0120013
778,1747532770650,-1.2370041500000002,-2.323303,-0.315199925,-1.7358484,1.0567423,2.808037
779,1747532770660,-1.03162995,-2.2209209000000003,-0.266632525,-1.4791197,0.77684408,3.60565385
780,1747532770670,-0.8964222,-2.1716213,-0.25137895,-1.222391,0.49694586,4.4032707
781,1747532770680,-0.511544,-2.0464199,-0.24112856,-0.90014845,0.13209279,4.900749
782,1747532770690,-0.22575295,-1.930981,-0.29652956,-0.5837649,-0.20026971,5.1873055
783,1747532770700,-0.015009515,-1.79199045,-0.50239183,-0.64981132,-0.621315505,5.47785625
784,1747532770710,0.19573392,-1.6529999,-0.7082541,-0.71585774,-1.0423613,5.768407
785,1747532770720,0.32898918,-1.6044323,-0.82247293,-1.42132915,-1.2642026,6.1212759000000005
786,1747532770730,0.5186216,-1.6303024,-0.85493255,-1.6937705,-1.3299826,6.2472434
787,1747532770740,1.1546348,-1.8211553,-0.74193406,-2.251969,-1.5025555,6.4666877
788,1747532770750,1.4499441,-1.9383026,-0.6208816,-3.0679617,-1.8072212,7.0248866
789,1747532770760,1.9251237,-2.036902,-0.45711923,-3.3023198,-1.9142802,7.480287
790,1747532770770,2.6670576,-1.98015845,-0.20781476,-3.3529198,-2.04743825,8.05766
791,1747532770780,2.8898818,-1.9241474,-0.13862452,-3.3225598,-2.0820594,8.208395
792,1747532770790,3.3891009,-1.7367114,0.04271002,-3.2152344,-2.01840985,8.4651235
793,1747532770800,4.033168,-1.49485065,0.31910485,-2.9060414,-1.6937705,8.904546
794,1747532770810,4.327257,-1.3711136,0.526675555,-2.3110913,-1.25781095,9.2717955
795,1747532770820,4.60328575,-1.2355398,0.737296985,-1.69270525,-1.012267525,9.5801895
796,1747532770830,4.7300735,-1.1692783,0.835408,-1.3331785,-0.90281165,9.742376
797,1747532770840,5.0287995,-1.1143653,1.0592085,0.39787626,-0.8064052,10.378872
798,1747532770850,5.1609565,-1.13730675,1.13547635,1.94464035,-0.7472829999999999,10.85264825
799,1747532770860,5.2875003,-1.1902672,1.02113552,2.9936595,-0.50200585,11.164238
800,1747532770870,6.028214,-1.05298497,0.655415745,3.9561259,-0.1488707035,10.7967215
801,1747532770880,6.5860067,-0.672743795,0.1790159845,4.331898,0.1366201665,9.8678105
802,1747532770890,6.297287000000001,-0.34534101,-0.1640064655,4.02217235,0.341949895,9.1112065
803,1747532770900,5.841022000000001,-0.087738577,-0.379875095,3.43201585,0.5536712100000001,8.5048055
804,1747532770910,5.3655987,0.165836898,-0.41233471,2.7806067,0.792290435,7.992679499999999
805,1747532770920,4.7696109,0.48408754,-0.1979304235,2.12813215,1.1038803,7.1673655
806,1747532770930,4.1869242,0.7772003000000001,0.0600380915,1.80189485,1.30441635,6.154299
807,1747532770940,3.981306,0.8820229,0.14423785,1.8178738,1.3235911,5.718872
808,1747532770950,3.15773475,1.2560407,0.113486616,2.15476365,1.2274509999999998,4.73243735
809,1747532770960,2.9025729,1.3496367,0.020256752,2.2327943,1.1467572,4.4208474
810,1747532770970,1.9298827,1.5637968,-0.6988579349999999,1.55315555,0.7938883299999999,3.23307765
811,1747532770980,1.7535514,1.5975988,-0.8078295,1.0130665,0.6961503,2.650378
812,1747532770990,1.32156995,1.6353056,-0.8152732199999999,0.25992453,0.8202536,2.10443
813,1747532771000,1.11851435,1.6218825,-0.7169181499999999,-0.7587346300000001,1.1073423999999998,1.34649425
814,1747532771010,0.8260117499999999,1.5628206,-0.53424129,-1.0519487,1.1994878,1.0950918
815,1747532771020,0.62259,1.513643,-0.41611758,-1.5622103,1.3097427,0.525708
816,1747532771030,0.4544346,1.4655638,-0.33118567,-1.9675435,1.2042814,-0.07829694
817,1747532771040,0.366574,1.4067459,-0.27017137,-2.0266657,1.1041466,-0.25513083
818,1747532771050,0.32923323,1.3462198,-0.25015867,-2.0591562,0.99495703,-0.41918156
819,1747532771060,0.31703037,1.2888663,-0.24820623,-2.1268005,0.85753787,-0.5992113
820,1747532771070,0.40245041,1.20283615,-0.141553195,-2.26981225,0.6474144749999999,-1.04608965
821,1747532771080,0.43954712,1.2080834,-0.10421244,-2.3238745,0.58056915,-1.2916331
822,1747532771090,0.564992545,1.26446055,-0.023429495,-2.1789985,0.60214072,-1.72732635
823,1747532771100,0.6649339750000001,1.2904526500000002,-0.0429540775,-2.10123415,0.62957129,-1.9473034
824,1747532771110,0.8214967,1.313272,-0.0904232124999999,-2.05915615,0.66286082,-2.2090921000000003
825,1747532771120,1.1352323,1.3612293,-0.14387175,-2.0293287,0.650343965,-2.7233486
826,1747532771130,1.4896034,1.4017428,-0.176331365,-2.02799715,0.581101765,-3.3329462
827,1747532771140,1.6205401,1.4104068,-0.17840585,-2.0421119,0.5438175,-3.577158
828,1747532771150,1.89364015,1.28105645,-0.148264775,-2.08924995,0.469781625,-4.335892449999999
829,1747532771160,2.2070096500000003,1.08507855,-0.06931225815,-2.02293725,0.459128975,-5.012868149999999
830,1747532771170,2.63288955,0.8916632,0.03490018685,-1.81947175,0.441818435,-5.61447635
831,1747532771180,3.05791525,0.7977011199999999,0.108483445,-1.6985642,0.4111921,-5.788647
832,1747532771190,3.49868265,0.72472799,0.1250793399999999,-1.1856393,0.26365295,-6.37480905
833,1747532771200,4.23390485,0.56962961,0.00366086,-0.96246643,0.13475596,-6.80331165
834,1747532771210,4.8888325,0.39293216,-0.10494462,-0.95900433,-0.028762138,-7.682155
835,1747532771220,5.030264,0.33362624,-0.10860548,-1.0215886,-0.123038046,-8.334097
836,1747532771230,5.1173925,0.12813005,-0.036120474,-1.1781825,-0.08042747,-8.823052
837,1747532771240,5.2001276,-0.093473926,0.07785426,-1.320928,0.105993815,-9.011604
838,1747532771250,5.4283214,-0.3192269,0.29262465,-1.3076121,0.5438175,-9.016931
839,1747532771260,5.94474615,-0.79709097,0.7252160999999999,-0.43196478,1.4468955,-9.0968255
840,1747532771270,5.8698208,-0.99746195,0.78391185,0.536360645,1.98778355,-9.180715
841,1747532771280,5.7817163,-1.0845904,0.7990434,0.91346425,2.0714068,-9.195895
842,1747532771290,5.418315,-1.1927078,0.7653635,1.6847157,1.963815,-9.134643
843,1747532771300,4.657954500000001,-1.24566815,0.530458415,2.84212565,1.218928885,-8.700015
844,1747532771310,4.1426275,-1.2479867,0.3354567,3.36170835,0.536094355,-8.2440815
845,1747532771320,3.8474404,-1.300337,0.24210479,3.45145685,0.2151834249999999,-8.01504935
846,1747532771330,3.45377615,-1.35878875,0.1590032925,3.4647727,0.12410331,-7.9553947
847,1747532771340,3.2249725,-1.3703815,0.117147475,3.3880737,0.034088463,-7.7950726
848,1747532771350,2.7654128,-1.4011327,0.05662128,3.200587,0.035153728,-7.5505943
849,1747532771360,1.91828995,-1.3718458,0.0275784695,2.808836,0.162186515,-6.89465785
850,1747532771370,1.35024665,-1.30509615,0.0328257,2.5414547,0.16644757,-6.3130235
851,1747532771380,1.1844097,-1.2715383,0.027822526,2.4517062,0.13954964,-6.09278
852,1747532771390,0.9257092,-1.21028,0.022209208,2.257828,0.06018744,-5.6459017
853,1747532771400,0.6168547,-1.13791695,0.0816371499999999,1.96221715,-0.119842254,-4.9492186
854,1747532771410,0.34826972,-1.10924025,0.1786499,1.89963285,-0.25752768,-4.491954
855,1747532771420,0.0833455548,-1.10887415,0.21635675,1.88312125,-0.36991307,-4.042945
856,1747532771430,-0.0043930304,-1.1146095,0.19939478,1.8695391,-0.40746364,-3.87703
857,1747532771440,-0.10372432,-1.1700104,0.13789235,1.7592843,-0.55340487,-3.5782232
858,1747532771450,-0.24796216,-1.1825793999999998,0.0516181102,1.4942997,-0.64288713,-3.12202385
859,1747532771460,-0.26870702,-1.20539875,-0.0085420038,0.98297275,-0.543817535,-2.57128205
860,1747532771470,-0.23551524,-1.2305366,-0.021477038,0.391750995,-0.337955155,-2.10123405
861,1747532771480,-0.13349932,-1.3391421,-0.0302631,0.19813919,-0.23702134,-2.014415
862,1747532771490,-0.122638765,-1.5404893,0.0258700691,-0.3539341099999999,0.0335558275,-1.96061925
863,1747532771500,-0.17938207,-1.633231,0.049543623,-0.572047,0.111852765,-1.9483687
864,1747532771510,-0.2744423649999999,-1.78442445,0.019402552,-0.572047,0.111852765,-1.9483687
865,1747532771520,-0.46993223,-1.98711405,-0.0344120715,-0.94462322,-0.032224249,-1.64157255
866,1747532771530,-0.7923318500000001,-2.11792885,-0.081271062,-1.0993529,-0.212253945,-0.97658122
867,1747532771540,-1.13803895,-2.2049353,-0.11287648,-1.21173835,-0.42876894,0.1145159299999999
868,1747532771550,-1.261776,-2.2126231,-0.12129646,-1.25008785,-0.556867,1.1685951
869,1747532771560,-1.3246207,-2.20810795,-0.1574169249999999,-1.28364365,-0.6522082,2.1771342
870,1747532771570,-1.2903306,-2.200664,-0.17352471,-1.3012205,-0.6982809,2.6796727
871,1747532771580,-0.74962185,-2.1126816,-0.255772,-1.4157364,-0.806138875,3.93269
872,1747532771590,-0.4234393,-2.0564265,-0.28798756,-1.4674017,-0.84848315,4.294081
873,1747532771600,-0.0323375875,-1.94574645,-0.34314449,-1.9329223,-1.1467572,5.509015
874,1747532771610,0.077122085,-1.9055991,-0.35974038,-2.066613,-1.220793,5.695969
875,1747532771620,0.2801777,-1.8621569,-0.38170552,-2.4106934,-1.355549,6.0357885
876,1747532771630,0.49982923,-1.8692344,-0.31995904,-2.8186898,-1.4801849,6.469351
877,1747532771640,1.02870127,-1.81017265,-0.149118985,-3.30524925,-1.4152038,7.39719625
878,1747532771650,1.1741594,-1.7940649,-0.12471326,-3.3779535,-1.3784522,7.5548553
879,1747532771660,1.5551329,-1.7598969,-0.029530926,-3.4344127,-1.3741912,7.7460704
880,1747532771670,1.9475769,-1.679846,0.076389916,-3.375823,-1.4146712,7.857923
881,1747532771680,2.5809054,-1.4221216,0.20500809,-3.257046,-1.4375744,7.9543295
882,1747532771690,2.9191687,-1.2942356,0.24527754,-3.1095068,-1.4274544,8.098141
883,1747532771700,3.2820818,-1.2356619,0.2884757,-2.7563717,-1.2681973,8.6808405
884,1747532771710,3.598258,-1.09911185,0.4360082899999999,-2.21788065,-0.4636563449999999,9.40016
885,1747532771720,3.6759903,-1.0374874,0.5042223,-1.9909793,-0.17576863,9.70669
886,1747532771730,4.61317,-0.98794377,0.80246025,-0.48043427,-0.007989483,10.768759
887,1747532771740,5.41294575,-0.97232405,0.74754732,1.1784488,-0.605869165,10.56769
888,1747532771750,5.5687764,-0.910821635,0.622834085,2.33505965,-1.169926665,10.2758075
889,1747532771760,5.5774403,-0.86323047,0.54156303,3.36996405,-1.80961795,10.097642
890,1747532771770,5.6598096,-0.547054315,0.00158637,4.2496062,-2.499643,9.897905
891,1747532771780,5.7490125,-0.35485923,-0.3048275,4.6642604,-2.860235,9.743442
892,1747532771790,5.7702456,-0.15790504,-0.58329684,4.4602623,-2.4266725,9.341304
893,1747532771800,5.6639585,0.142163345,-0.8589595,3.50285575,-1.2096078,8.508534000000001
894,1747532771810,5.3050722,0.4186802149999999,-0.8144190499999999,2.6639601,-0.25193504,7.806791
895,1747532771820,4.9897504,0.60721445,-0.7089863,1.8122812,0.5803028100000001,7.0408655
896,1747532771830,4.9897504,0.60721445,-0.7089863,1.4040185,0.9321064,6.650446
897,1747532771840,3.93347075,1.002343115,-0.220993845,0.1944107639999999,1.43544385,4.5992794
898,1747532771850,3.48367325,1.15890585,-0.104700563,-0.0351537259999999,1.31640055,3.71590875
899,1747532771860,3.23083,1.2478647,-0.060038086,-0.208525525,1.16566565,2.64638315
900,1747532771870,2.2177481500000003,1.51437515,-0.0580856225,-0.392816275,1.1062772,1.64450195
901,1747532771880,2.0390983,1.5434179,-0.08297946,-0.47404268,1.1243867,1.3257216
902,1747532771890,1.6390884,1.5358523,-0.13252309,-0.71319455,1.2096078,0.7653925
903,1747532771900,1.07836695,1.4928982,-0.1435056599999999,-1.15954035,1.41227435,0.13076121
904,1747532771910,0.60330951,1.4583641,-0.048933478,-1.43544385,1.53877455,-0.16724652
905,1747532771920,0.30922052,1.4387175,0.033435844,-1.5584819,1.5957662,-0.2892193
906,1747532771930,0.12495731,1.4265146,0.15082738,-1.6634104,1.7385116,-0.51771855
907,1747532771940,0.058085624,1.4423783,0.25381953,-1.4311827,1.7443706,-0.56885123
908,1747532771950,0.07614586,1.4484798,0.2877435,-1.0950918,1.6607473,-0.6487461
909,1747532771960,0.38817302,1.3994243,0.1132425575,-0.40426787,0.946221135,-1.31213945
910,1747532771970,0.5161810499999999,1.364036,0.0150095194999999,-0.285490875,0.5091964,-1.7329189500000002
911,1747532771980,0.5593792,1.342559,-0.027822526,-0.25566345,0.27803403,-1.9504992
912,1747532771990,0.6067263,1.2895985,-0.09689073,-0.3174488,-0.16138756,-2.3377228
913,1747532772000,0.6602968650000001,1.2385906,-0.085664098,-0.61092919,-0.473776375,-2.727077
914,1747532772010,0.9187535,1.19697875,0.015009517,-0.71585774,-0.50813115,-2.7957866
915,1747532772020,1.2506713500000002,1.1774542,0.16925369,-1.0721887,-0.0013315799999999,-3.3641051
916,1747532772030,1.3723339,1.1827015,0.23527117,-1.0881677,0.16458336,-3.5238948
917,1747532772040,1.84629305,1.14487255,0.344852895,-1.0048107,0.60134178,-4.1856905
918,1747532772050,2.20884,1.0387077,0.424903675,-0.7917578000000001,0.837297855,-4.9979546500000005
919,1747532772060,2.4024994,0.9601213,0.4790844,-0.45966161,0.841292575,-5.80302815
920,1747532772070,2.78310665,0.7865965,0.65224302,-0.09720538,0.63463125,-6.2690815
921,1747532772080,2.9411337,0.7268025,0.73412424,0.10013486,0.5230448,-6.475743
922,1747532772090,3.29770135,0.63589113,0.857739225,0.790426275,0.111586454,-6.980678
923,1747532772100,3.74835315,0.56901945,0.73021932,1.15261615,-0.184024441,-7.270962499999999
924,1747532772110,4.32591465,0.477253965,0.51386255,1.2306467,-0.362456235,-7.5934712
925,1747532772120,4.7430084,0.358886215,0.36803834,1.00907172,-0.34141725,-7.96791195
926,1747532772130,4.9223905,0.2884757,0.30873242,0.86179894,-0.30146983,-8.1854925
927,1747532772140,5.19134165,0.0613803979999999,0.30446142,0.343547795,-0.0551274339999999,-8.7503485
928,1747532772150,5.25870155,-0.159735452,0.5056866,0.18162759,0.021837922,-8.898686
929,1747532772160,5.23893275,-0.36352324,0.6995901,0.169643375,0.7387608999999999,-9.1306485
930,1747532772170,5.179993,-0.46480702,0.74718128,0.405066825,1.0559434,-9.1410345
931,1747532772180,5.140334,-0.51349646,0.76170266,0.54435015,1.2128036,-9.155948
932,1747532772190,5.02428475,-0.56743308,0.7488896549999999,0.7052050750000001,1.33530905,-9.1884385
933,1747532772200,3.9947291,-0.977449275,0.67201165,1.61067985,1.5539545499999998,-8.992696500000001
934,1747532772210,3.4922152,-1.1277885,0.6389419,1.9973708,1.4892397,-8.739963
935,1747532772220,2.85742225,-1.3019234000000002,0.5431494,2.5827336,1.1741877,-7.983624450000001
936,1747532772230,2.6531463,-1.3511009,0.5137405,2.7979171,1.0338391,-7.6896114
937,1747532772240,2.48816365,-1.37806925,0.494093875,2.9577068,0.9078716,-7.468036400000001
938,1747532772250,2.1662522,-1.4261485,0.4396691,3.24852395,0.65567025,-7.03314235
939,1747532772260,1.18294555,-1.3623276,0.133011195,3.5334822,0.016245285,-5.667473
940,1747532772270,0.894469835,-1.2679994,0.0281886145,3.3915357,-0.095074855,-5.1913
941,1747532772280,0.76804817,-1.2256554,-0.019280521,3.293265,-0.12996227,-4.95348
942,1747532772290,0.41868019,-1.13572045,-0.0964026125,2.6714169,-0.0641821845,-4.1350903
943,1747532772300,0.1385024925,-1.1058234,-0.1070191004999999,2.20536375,0.0615190205,-3.60378965
944,1747532772310,0.011958805,-1.1097283,-0.102748096,2.0793962,0.11558119,-3.4450653
945,1747532772320,-0.19890666,-1.1507299,-0.09567044,1.76034955,0.10120012,-2.959571
946,1747532772330,-0.41416514,-1.2268758,-0.13057062,1.6623452,0.05912218,-2.799515
947,1747532772340,-0.9402306,-1.4097967,-0.3630351349999999,1.2458268,-0.20053603,-2.1140173
948,1747532772350,-1.2256556,-1.5623325,-0.5277737849999999,0.473776365,-0.46392268,-1.11053816
949,1747532772360,-1.2394448,-1.66459245,-0.5078831500000001,-0.372043635,-0.651941865,-0.0066578999999999
950,1747532772370,-1.2200422,-1.7169427,-0.4751795,-0.6354303,-0.680704,0.37230992
951,1747532772380,-1.1246158,-1.811881,-0.3577879,-1.0695255,-0.6924219,1.2522184
952,1747532772390,-0.779884935,-1.97271475,-0.11617125,-1.2825784,-0.77444726,2.72521285
953,1747532772400,-0.71215904,-2.0002933,-0.09542638,-1.2783173,-0.79255676,2.988067
954,1747532772410,-0.59135073,-2.028848,-0.084931925,-1.2495552,-0.75101143,3.4722295
955,1747532772420,-0.40342663,-1.9979747,-0.11800167,-1.23730465,-0.652740765,4.11405135
956,1747532772430,-0.35461518,-1.9756435,-0.13081467,-1.242631,-0.6221144,4.3180494
957,1747532772440,-0.2183092079999999,-1.9358622,-0.147044485,-1.2743226,-0.6074670499999999,4.636563499999999
958,1747532772450,0.13227902,-1.82371785,-0.18560554,-1.2974921,-0.67218184,5.1606736
959,1747532772460,0.19036464,-1.7996782,-0.19817449,-1.2522184,-0.7781757,5.275722
960,1747532772470,0.24405725,-1.7513548,-0.21623473,-1.2010857,-0.9507485,5.43711
961,1747532772480,0.25845662,-1.6742326,-0.2945771,-1.1781825,-1.1504856,6.0304623
962,1747532772490,0.390735645,-1.64958295,-0.3274028,-1.39469745,-1.3968281,6.624613650000001
963,1747532772500,0.5848831800000001,-1.64274935,-0.33570075,-1.5539545,-1.44316705,7.009174
964,1747532772510,0.91558075,-1.62859405,-0.3438766749999999,-1.74623475,-1.5006913,7.2917352
965,1747532772520,1.1165619,-1.6163912,-0.34729347,-1.8498317,-1.536644,7.3913374
966,1747532772530,2.0652125,-1.3847809,-0.34924594,-2.1150825,-1.6777915,7.2437983
967,1747532772540,2.3456342,-1.2083275,-0.25943285,-2.45090725,-2.18139525,6.13459165
968,1747532772550,2.3239131,-1.1401135,-0.17498905,-2.45996205,-2.20083625,6.0088904
969,1747532772560,2.2411777,-1.10094225,-0.06504125815,-2.3979104,-1.98245705,6.280532750000001
970,1747532772570,2.2737593,-1.03614505,0.1677893618499999,-2.1228058,-1.402154325,7.3721625
971,1747532772580,2.349295,-0.9850151,0.34119204,-1.8935076,-0.98110855,8.229168
972,1747532772590,3.1089233,-0.95414175,0.441133485,-1.3297164,-0.345412005,9.35195675
973,1747532772600,3.8581791,-0.88763618,0.39610493,-0.89588745,0.15659387,9.6172075
974,1747532772610,4.62500695,-0.68165188,0.37194325,-0.291882455,0.37310886,9.239305
975,1747532772620,5.026847249999999,-0.46712555,0.38085133,0.07243799,0.3110572,8.843293
976,1747532772630,5.042711,-0.4085518,0.38121742,0.4841627,-0.02396845,8.466722
977,1747532772640,4.954362,-0.38890521,0.427710325,1.206145725,-0.61519021,7.99347825
978,1747532772650,4.7809595,-0.36022849,0.4693220999999999,1.7760622,-0.87351687,7.80279585
979,1747532772660,4.572290499999999,-0.3159321,0.464074865,2.67621065,-0.889762175,7.6898777
980,1747532772670,4.455265,-0.2831064,0.4429639,3.2735577,-0.82185155,7.6363482
981,1747532772680,4.423782,-0.26821893,0.4148973,3.9484026,-0.6982809,7.303453
982,1747532772690,4.285889,-0.17962612,0.34900185,4.4512076,-0.6961503,6.9465895
983,1747532772700,3.9492122,-0.0291648404999999,0.1483867999999999,4.998487,-0.66898608,6.3053005
984,1747532772710,3.8192518,0.018304294,0.0622346,5.124987,-0.65247446,6.0821276
985,1747532772720,3.470006,0.28579104,-0.40391475,5.1622715,-0.55766594,5.6139436
986,1747532772730,3.13796615,0.558402955,-0.7341241700000001,4.37930215,-0.0772316715,3.9159121
987,1747532772740,2.9823797,0.65260905,-0.8341876,4.1241713,0.033023197,3.5318842
988,1747532772750,2.42714915,0.87494525,-0.9989263,3.00457835,0.25752768,2.4751419
989,1747532772760,2.2445943,0.933519,-1.036267,2.5369272,0.32597092,2.1182783
990,1747532772770,1.46715015,1.03590105,-0.9573146,0.721983,0.63489762,1.21306995
991,1747532772780,1.3391421,1.0499343,-0.9088692,0.4063984,0.6940198,1.0769824
992,1747532772790,1.06616405,1.05835425,-0.71191498,-0.31798144,0.79229043,0.723847225
993,1747532772800,0.93437315,1.06042875,-0.562918035,-0.62877235,0.857804215,0.499875355
994,1747532772810,0.83394363,1.07458405,-0.399277655,-0.758201985,0.924915865,0.106526445
995,1747532772820,0.76438731,1.0898376,-0.30983068,-0.7339671999999999,0.89828425,-0.374973085
996,1747532772830,0.74242216,1.0924002,-0.31312546,-0.6945524,0.8426242,-0.5752428
997,1747532772840,0.702640825,1.0800752999999998,-0.41709383,-0.73982617,0.603206,-1.15900772
998,1747532772850,0.634426825,1.0554255,-0.454556615,-0.8908274199999999,0.25566346945,-1.7302557
999,1747532772860,0.5459560699999999,1.02076945,-0.44174363,-1.05194865,-0.13102753055,-2.2173478500000003
1000,1747532772870,0.46700357,0.97927975,-0.416483705,-1.1009508,-0.2593919,-2.3398533
1001,1747532772880,0.4283205,0.9523114,-0.40708748,-1.2325109,-0.44847634,-2.4628913
