timestamp,acc_x,acc_y,acc_z,gyro_x,gyro_y,gyro_z,id
1747532958050,-0.0822472935,0.381705545,0.907282825,0.78163781,-0.345944625,0.8431568565,1
1747532958060,-0.413677015,0.333748298,0.7930640250000001,0.6165218124999999,-0.13528858,0.969124385,2
1747532958070,-0.67018116,0.116293278,0.693122595,-0.0037284274999999,0.1358212175,0.295078265,3
1747532958080,-0.64235863,0.127397885,0.79831129,-0.07190535,-0.120907515,0.23542345,4
1747532958090,-0.55693865,0.12642166,0.8683557,0.039414786,-0.07190535,0.17204021,5
1747532958100,-0.5407088250000001,0.121296455,0.86140007,0.098004328,-0.0378168878,0.13369069,6
1747532958110,-0.5152048300000001,0.122882825,0.836140155,0.198139185,0.0090547482,0.0625842875,7
1747532958120,-0.49458201,0.1313028,0.791965785,0.25379925,0.0290284575,-0.0058589539999999,8
1747532958130,-0.46688148,0.13569583,0.6496804,0.23276028,0.0958738,-0.19920446,9
1747532958140,-0.47225076,0.1342315,0.60867876,0.19760656,0.17310548,-0.25300032,10
1747532958150,-0.48567393,0.11568313,0.5762192,0.16937704,0.29348037,-0.30253512,11
1747532958160,-0.498486915,0.101405785,0.562307925,0.14594123,0.43303,-0.34621096,12
1747532958170,-0.5774395,0.06833603,0.5474204,0.11132014,0.56245965,-0.3850931,13
1747532958180,-0.6496804,0.1108019899999999,0.591838815,0.0756337785,0.484162705,-0.36405413,14
1747532958190,-0.7819594,0.18426323,0.72607034,0.07989483,0.25193503,-0.2876214,15
1747532958200,-0.8327233,0.19256116,0.8000197,0.19973709,0.13209279,-0.22423817,16
1747532958210,-0.83845865,0.17535513,0.8035585000000001,0.412257345,0.130761215,-0.1861549699999999,17
1747532958220,-0.7890371,0.09127741,0.7392494,0.85327685,0.3158509,-0.1933455,18
1747532958230,-0.7669499200000001,0.05344853675,0.7008103699999999,0.85327685,0.3158509,-0.1933455,19
1747532958240,-0.72668047,-0.02623615325,0.6153903199999999,1.073253925,0.593618625,-0.283094025,20
1747532958250,-0.71167095,-0.10140579,0.493605765,1.30548155,0.940362175,-0.414121555,21
1747532958260,-0.7280228,-0.18231077,0.23722363,1.0317086,1.0855045,-0.60720074,22
1747532958270,-0.7602383500000001,-0.18304294,0.24442333,0.935568485,0.99708755,-0.63329972,23
1747532958280,-0.80673123,-0.1633963299999999,0.262605605,0.762729335,0.80906835,-0.6892261,24
1747532958290,-0.83028273,-0.117635595,0.31349154,0.63383234,0.52624065,-0.7957525,25
1747532958300,-0.8483430000000001,-0.059061854,0.357787925,0.7174556,0.4186489249999999,-0.86526105,26
1747532958310,-0.85066155,-0.037340759,0.319592975,0.80107886,0.3110572,-0.9347696,27
1747532958320,-0.8373604,-0.07187486,0.215868645,0.91745898,0.4657868699999999,-1.0692592,28
1747532958330,-0.82576768,-0.106897078,0.1025040399999999,1.02931175,0.70919982,-1.2596752,29
1747532958340,-0.82332713,-0.128984263,0.02611412395,0.9784454,0.8841695199999999,-1.36273955,30
1747532958350,-0.8343097,-0.1507053549999999,0.01976863645,0.8729842,1.02212127,-1.4378407,31
1747532958360,-0.87933823,-0.20793677,0.1466784075,0.7877630499999999,1.035703385,-1.4610102,32
1747532958370,-0.92790563,-0.28786552,0.28249626,0.830107335,0.984836985,-1.4689997,33
1747532958380,-0.9495047,-0.36169285,0.29140435,1.008006485,0.96939065,-1.5124092,34
1747532958390,-0.961219475,-0.430639015,0.21147561,1.24076675,0.9938917,-1.6066851,35
1747532958400,-1.028213225,-0.4918973749999999,0.008664035,1.40934485,1.008006465,-1.71587475,36
1747532958410,-1.10509125,-0.5382682750000001,-0.19719825,1.3835122000000002,0.916926385,-1.81547695,37
1747532958420,-1.1157077000000002,-0.555108225,-0.309586615,1.24076675,0.8117315199999999,-1.9070897,38
1747532958430,-1.1141213,-0.534851475,-0.3706009249999999,1.09029815,0.737163,-1.97579925,39
1747532958440,-1.12742245,-0.4756675999999999,-0.37584816,0.9305085,0.60773335,-2.0114856000000003,40
1747532958450,-1.1355984,-0.31703037,-0.33045352,0.5139901,0.12357068,-1.9552929,41
1747532958460,-1.1458488,-0.300556495,-0.3145898,0.43116578,0.0117179099999999,-1.9270634,42
1747532958470,-1.1709867,-0.28798756,-0.26553428,0.13741912,-0.37124467,-1.8024274,43
1747532958480,-1.159272,-0.298482,-0.2186753,-0.043675844,-0.5965481,-1.7475663,44
1747532958490,-1.1931959,-0.3184947,-0.190486685,-0.141946487,-0.72624405,-1.71480945,45
1747532958500,-1.4767904,-0.42929673,-0.09054524,-0.5954828,-1.2053467,-1.3901701,46
1747532958510,-1.5910091,-0.37828872,-0.040513504,-0.66845345,-1.2170646,-1.1345067,47
1747532958520,-1.61614705,-0.32898916,-0.0136672065,-0.659132375,-1.1624698,-0.96406435,48
1747532958530,-1.6226146,-0.2207497749999999,0.053448538,-0.587227035,-0.985902225,-0.5946838750000001,49
1747532958540,-1.5104703,-0.115439075,0.1666911075,-0.233559245,-0.52810484,0.0415453249999999,50
1747532958550,-1.2844733,-0.122760795,0.23161033,0.18242654,-0.0977380117,0.62717445,51
1747532958560,-1.2418853,-0.1592473575,0.19243914,0.37550572,0.0426105783,0.90148005,52
1747532958570,-1.1099724,-0.29823795,0.054912884,0.43675843,0.104928546,1.2159994,53
1747532958580,-1.0306537,-0.40342662,-0.026846299,0.32011196,0.046339005,1.3177321,54
1747532958590,-0.8759214,-0.5383903,-0.10494461,-0.11025487,-0.14594123,1.3438311,55
1747532958600,-0.7924539,-0.554254,-0.07468152,-0.33129725,-0.24021713,1.2463595,56
1747532958610,-0.7382732,-0.54717636,-0.020012695,-0.505468,-0.36112466,1.1030813,57
1747532958620,-0.7311955,-0.531556695,0.0131790925,-0.5957491500000001,-0.451405805,1.01599595,58
1747532958630,-0.7365648,-0.46736962,0.12007617,-0.7978831,-0.6743124,0.81066626,59
1747532958640,-0.7975791,-0.39854547,0.22428861,-0.88683265,-0.95234644,0.65194184,60
1747532958650,-0.84102124,-0.35656762,0.23575929,-0.89801794,-1.0934939,0.61412495,61
1747532958660,-0.8646948050000001,-0.34070391,0.234661035,-0.89801794,-1.1411645,0.6087986249999999,62
1747532958670,-0.9471862,-0.30946457,0.2306341,-0.87564737,-1.2495552,0.6114618,63
1747532958680,-1.0584763,-0.28408262,0.16913168,-0.8431568,-1.284709,0.6412892,64
1747532958690,-1.0726315999999998,-0.279201475,0.1590033,-0.8327705000000001,-1.2775184,0.6945524350000001,65
1747532958700,-1.1180263,-0.27773714,0.16742326,-0.8149273,-1.2463595,0.83250415,66
1747532958710,-1.1253479999999998,-0.28286235,0.17645339,-0.80054625,-1.2420984000000002,0.871918945,67
1747532958720,-1.1321816,-0.29299073,0.183531055,-0.76565885,-1.2125373000000002,0.948617995,68
1747532958730,-1.1015524499999998,-0.286401185,0.1743789,-0.727043,-1.084172925,1.037833875,69
1747532958740,-1.04615145,-0.26651052,0.183286995,-0.711064025,-0.942492725,1.10840765,70
1747532958750,-0.96622264,-0.25943285,0.22477673,-0.72011876,-0.8644621,1.1552793,71
1747532958760,-0.92936997,-0.260287045,0.23722365,-0.72251561,-0.8527442000000001,1.1483551,72
1747532958770,-0.861766115,-0.25211113,0.273100065,-0.725711405,-0.8423578700000001,1.1201256000000002,73
1747532958780,-0.80563295,-0.2489384,0.36974674,-0.721184,-0.9187906,1.0183928,74
1747532958790,-0.79269797,-0.22965786,0.38121742,-0.72171664,-0.94329166,0.99069595,75
1747532958800,-0.76194674,-0.20525214,0.40049794,-0.7105314,-0.90973586,0.948618,76
1747532958810,-0.7624348400000001,-0.193781455,0.42514772,-0.6940198,-0.8977516299999999,0.93263905,77
1747532958820,-0.76365512,-0.177063535,0.4693221,-0.64368605,-0.8692557999999999,0.9057411,78
1747532958830,-0.74888968,-0.148386805,0.484087575,-0.566720675,-0.807736775,0.88044105,79
1747532958840,-0.72070104,-0.12861817,0.46590528,-0.32810146,-0.4676511,0.81545997,80
1747532958850,-0.6914142,-0.14252943,0.4429639,-0.27350665,-0.369913085,0.792823085,81
1747532958860,-0.67457425,-0.139478715,0.419168325,-0.20319919,-0.22210764,0.7456851,82
1747532958870,-0.64162652,-0.120686305,0.370967015,-0.216781315,-0.160854935,0.7041398000000001,83
1747532958880,-0.626495,-0.088348724,0.345341,-0.386691,-0.23116238,0.6492787,84
1747532958890,-0.6375995999999999,-0.0882266945,0.36474355,-0.5528722500000001,-0.38269624,0.627174465,85
1747532958900,-0.6518769,-0.076389916,0.44882128,-0.7930894,-0.5928197,0.58483016,86
1747532958910,-0.652365015,-0.072729058,0.471152515,-0.7850999000000001,-0.5715144,0.56938383,87
1747532958920,-0.65736818,-0.0650412565,0.498486925,-0.7430219499999999,-0.491086915,0.5379585499999999,88
1747532958930,-0.6616391800000001,-0.048323335,0.48103683,-0.674845025,-0.35686359,0.5166532500000001,89
1747532958940,-0.6347929,-0.048323333,0.4471129,-0.59601545,0.01438107,0.51665324,90
1747532958950,-0.634914925,-0.0634548865,0.4467468,-0.6064018,0.0508663799999999,0.51132694,91
1747532958960,-0.637233475,-0.09286379,0.457241235,-0.628506025,0.10173276,0.49481535,92
1747532958970,-0.63113207,-0.107873306,0.5854933,-0.62371236,0.120907515,0.39041942,93
1747532958980,-0.64431113,-0.088836834,0.635281,-0.56459016,0.14327806,0.3392867,94
1747532958990,-0.6321083,-0.070532545,0.6621273,-0.5001417,0.19387813,0.29028457,95
1747532959000,-0.60721445,-0.061502427,0.68994987,-0.46871638,0.211987625,0.256462425,96
1747532959010,-0.58110034,-0.034900185,0.66871685,-0.38136467,0.2082592,0.13688648,97
1747532959020,-0.59562172,-0.0370967024999999,0.657368175,-0.402137325,0.1355549,0.0916127425,98
1747532959030,-0.6501685,-0.06418706,0.64772797,-0.47031426,-0.03089267,0.02396845,99
1747532959040,-0.69214636,-0.07224095,0.67018116,-0.49055427,-0.10439592,0.010652645,100
1747532959050,-0.71630803,-0.067115745,0.6850686800000001,-0.478570055,-0.11877699,0.0101200125,101
1747532959060,-0.7607264499999999,-0.048201305,0.718138465,-0.38429415,-0.0644485009999999,0.0284958235,102
1747532959070,-0.77964088,-0.0209889225,0.7285108849999999,-0.2559297749999999,0.0442084764999999,0.0583232285,103
1747532959080,-0.76975656,0.022941383,0.681896,-0.15925704,0.1470065,0.092145376,104
1747532959090,-0.771342905,0.0323375845,0.6601748999999999,-0.17337179,0.15233282,0.106792763,105
1747532959100,-0.77292925,0.041733786,0.6384538,-0.18748654,0.15765914,0.12144015,106
1747532959110,-0.7488896549999999,0.060648228,0.65785635,-0.25592979,0.12676647,0.191481285,107
1747532959120,-0.7199688799999999,0.069678345,0.7093524,-0.257527685,0.133957005,0.24767398,108
1747532959130,-0.6923904,0.0523502775,0.75877398,-0.190149705,0.17470337,0.27403928,109
1747532959140,-0.66505598,0.01549763455,0.800263705,-0.073503249,0.227167635,0.27510455,110
1747532959150,-0.6311320300000001,-0.04588276295,0.786962575,0.0639158659999999,0.271642425,0.246342405,111
1747532959160,-0.6046518350000001,-0.0993313025,0.7352224350000001,0.17390442,0.224770795,0.1004011725,112
1747532959170,-0.5984283850000001,-0.1121443075,0.684580565,0.18002969,0.091346423,-0.0961401125,113
1747532959180,-0.6406503,-0.09640261,0.6296677,0.029294772,-0.12516858,-0.2860235,114
1747532959190,-0.6662763,-0.08432178,0.6338167,-0.030626354,-0.174703375,-0.3222425,115
1747532959200,-0.7426661999999999,-0.0367306181,0.69678345,-0.128897,-0.243412935,-0.37550573,116
1747532959210,-0.820520465,0.0173280649,0.7828136,-0.138218065,-0.221575015,-0.36139098,117
1747532959220,-0.8610339650000001,0.051007968,0.83235725,-0.059388495,-0.132625425,-0.287088775,118
1747532959230,-0.877751875,0.078952525,0.87457915,0.128897,0.034621093,-0.13369069,119
1747532959240,-0.873846945,0.10055159,0.90105935,0.23249396,0.1004011715,-0.06551376445,120
1747532959250,-0.78635246,0.093473926,0.87396896,0.61412495,0.3073288,0.12357068,121
1747532959260,-0.78635246,0.093473926,0.87396896,0.61412495,0.3073288,0.12357068,122
1747532959270,-0.7083761749999999,0.0545467969999999,0.84626848,0.74435352,0.296409835,0.0713727195,123
1747532959280,-0.666886425,0.0283106409999999,0.81478508,0.7819041,0.223172905,-0.0284958235,124
1747532959290,-0.66896087,0.02318544,0.7656076,0.6844324,-0.13688648,-0.36432046,125
1747532959300,-0.689217635,0.031849472,0.76829222,0.649278675,-0.19973709,-0.41119209,126
1747532959310,-0.7421781,0.046858994,0.77988492,0.5965480750000001,-0.303866685,-0.49428271,127
1747532959320,-0.8407772,0.07248501,0.79831123,0.5885586,-0.3254383,-0.53955644,128
1747532959330,-0.88226694,0.10470056,0.8158834,0.6173208,-0.23276028,-0.50653327,129
1747532959340,-0.88702607,0.121052395,0.8550546,0.6657903000000001,-0.104129599,-0.418116305,130
1747532959350,-0.8510276,0.14765464,0.9354714,0.783502,0.11025487,-0.23808661,131
1747532959360,-0.8289404149999999,0.1507053549999999,0.94413548,0.8138620350000001,0.14594123,-0.19547603,132
1747532959370,-0.790623415,0.1665690699999999,0.96536845,0.858070535,0.201334985,-0.0996022275,133
1747532959380,-0.71826047,0.20793676,1.0069802,0.88203895,0.25726137,0.06338324,134
1747532959390,-0.5459561,0.19256116,1.0928884,0.9150622,0.29454562,0.13422333,135
1747532959400,-0.48665017,0.20940112,1.0535952,0.98803276,0.30466563,0.17097494,136
1747532959410,-0.470908465,0.2157466049999999,1.0222338199999998,0.96006958,0.311589855,0.166713885,137
1747532959420,-0.46675949,0.222946295,0.960975435,0.87032105,0.331829875,0.172572845,138
1747532959430,-0.52362481,0.24283696,0.8848295500000001,0.7174556,0.38296257,0.209058155,139
1747532959440,-0.5696296,0.30433938,0.87323684,0.13102753,0.66206187,0.43036684,140
1747532959450,-0.5512033,0.31568804,0.924854935,-0.10279802,0.8111989,0.5251754,141
1747532959460,-0.50007331,0.34363259,1.044076865,-0.1917476099999999,0.8578041999999999,0.56778595,142
1747532959470,-0.37267542,0.38878322,1.2554306,-0.42770368,0.8740495,0.65513766,143
1747532959480,-0.24454537,0.36388937,1.4736177,-0.5123922,0.44208476,0.5470133,144
1747532959490,-0.224410635,0.34753752,1.49228805,-0.5209143,0.291349835,0.479901635,145
1747532959500,-0.21403822,0.29701766,1.5107143,-0.5273059,-0.15819177,0.25086978,146
1747532959510,-0.241006535,0.2745644,1.4910677,-0.5171859,-0.294279305,0.17337179,147
1747532959520,-0.44955346,0.14228538,1.2544543,-0.4990764,-0.53822487,0.02396845,148
1747532959530,-0.44955346,0.09396204,1.1307173,-0.50600064,-0.77924097,-0.15925704,149
1747532959540,-0.6552937,0.060770255,1.0294335,-0.6791061,-0.77870834,-0.24074976,150
1747532959550,-0.7297312,0.052716363,0.9706156,-0.734499835,-0.73396722,-0.22184132,151
1747532959560,-0.7368088500000001,0.0615024265,0.97452055,-0.8372978600000001,-0.6327670999999999,-0.17603495,152
1747532959570,-0.73253782,0.090179155,1.00075675,-0.9438243,-0.45486793,-0.10546118,153
1747532959580,-0.6240544,0.18182266,1.1360865,-0.90920323,-0.19707392,-0.08149273,154
1747532959590,-0.5635282,0.19793043,1.2068632,-0.90920323,-0.19707392,-0.08149273,155
1747532959600,-0.5635282,0.19793043,1.2068632,-0.82611257,-0.0974717,-0.09640643,156
1747532959610,-0.53045843,0.19793043,1.2402989999999998,-0.737961935,-0.072171668,-0.1145159299999999,157
1747532959620,-0.43954712,0.18548352,1.3015573,-0.52411014,-0.108124346,-0.17789917,158
1747532959630,-0.3682824,0.11861181,1.308635,-0.25193503,-0.27643612,-0.3520699,159
1747532959640,-0.4085518,0.12007617,1.2359059,-0.16458336,-0.41918156,-0.41971418,160
1747532959650,-0.437350565,0.113730683,1.18746055,-0.140881225,-0.47670583,-0.44927529,161
1747532959660,-0.52850598,0.101649848,1.0793432,-0.10839066,-0.5736449,-0.48842377,162
1747532959670,-0.656025885,0.08944698,0.951945275,-0.105194865,-0.600010215,-0.48363006,163
1747532959680,-0.8402891,0.11592719,0.75364876,-0.1635181,-0.16884442,-0.34248254,164
1747532959690,-0.8461465,0.126421655,0.77414958,-0.17150758,-0.0412789999999999,-0.3012035349999999,165
1747532959700,-0.84517026,0.1483868,0.90374404,-0.11984225,0.3190467,-0.1470065,166
1747532959710,-0.82869638,0.147654635,0.95902297,-0.06311691835,0.35659727,-0.10306434,167
1747532959720,-0.7614586,0.14423785,1.0970373,0.1454086,0.38562572,0.010120012,168
1747532959730,-0.7043492,0.08712844,1.1905112,0.47670585,0.07243799,0.076166406,169
1747532959740,-0.72607034,0.08297946,1.1282767,0.58749336,-0.16937704,0.094808534,170
1747532959750,-0.7812273,0.076389916,1.0243083,0.67005134,-0.37390783,0.08575379,171
1747532959760,-0.85700703,0.0538146215,0.9177773,0.74195667,-0.432763695,0.0716390349999999,172
1747532959770,-0.9808661,0.009518232,0.7299752,0.8745821,-0.3536678,0.09374327,173
1747532959780,-0.9706156,-0.009030119,0.6721336,0.91186637,-0.16777915,0.14061491,174
1747532959790,-0.9401085,-0.021232981,0.64943635,0.948618,0.040480047,0.2050634,175
1747532959800,-0.9135063,-0.020012695,0.6411384,0.9552759,0.1206412035,0.250337135,176
1747532959810,-0.8424856199999999,0.0080538895,0.6700592000000001,0.9371664,0.2743056,0.395479425,177
1747532959820,-0.69898,0.06955632,0.7902574,0.9054748,0.2977414,0.5725796,178
1747532959830,-0.6152683,0.10396838,0.9054524,0.94968325,0.17204021,0.6295713,179
1747532959840,-0.5674330999999999,0.100551582,0.96146355,1.017327575,0.1046622325,0.63729445,180
1747532959850,-0.4787183,0.069678344,1.0481039,1.23810365,-0.037284255,0.612793375,181
1747532959860,-0.40049794,-0.038561046,0.9579247,1.6785905,-0.2047970825,0.391751015,182
1747532959870,-0.44442827,-0.17547716,0.57451075,2.1225395,-0.30360037,-0.029294772,183
1747532959880,-0.5269196,-0.20915705,0.28701133,2.1294637,-0.19707392,-0.23116238,184
1747532959890,-0.592571,-0.20842488,0.041245673,1.9760655,-0.00958738,-0.3882889,185
1747532959900,-0.6262508849999999,-0.185361475,-0.023429496,1.8335864,0.06977482,-0.437291065,186
1747532959910,-0.6627374349999999,-0.1140967649999999,-0.04161176,1.35767955,0.247141345,-0.525441695,187
1747532959920,-0.65114474,-0.033191785,0.09664667,0.7707188,0.37071204,-0.5795039,188
1747532959930,-0.62356627,-0.018304294,0.16766733,0.5278385,0.41705105,-0.60080916,189
1747532959940,-0.58280873,-0.035876416,0.20476402,0.3898868,0.53316486,-0.6631271,190
1747532959950,-0.58256465,-0.09396204,0.3116611,0.3121225,0.81918836,-0.84209156,191
1747532959960,-0.591716795,-0.121540505,0.31739645,0.3371562,0.96299905,-0.9709886,192
1747532959970,-0.6474839,-0.18645974,0.32117933,0.36272255,1.0407634,-1.1174624,193
1747532959980,-0.7321718,-0.18548352,0.32532832,0.3339604,1.0183928,-1.2191951,194
1747532959990,-0.7728072850000001,-0.169863845,0.3354567,0.286556135,0.9656622,-1.23144565,195
1747532960000,-0.8937377,-0.21452633,0.41636166,0.14913702,0.871919,-1.2351742,196
1747532960010,-0.9034999,-0.25406358,0.43100512,0.18695391,0.9496833,-1.26553425,197
1747532960020,-0.916679,-0.24747404,0.4283205,0.30040458,1.2106731,-1.3459617,198
1747532960030,-0.90496427,-0.21574661,0.4322254,0.34834146,1.3795174,-1.3741912,199
1747532960040,-0.90423214,-0.18792409,0.48006064,0.37550572,1.4088123,-1.3763217,200
1747532960050,-0.967443,-0.14252943,0.5779276,0.42024684,1.0998856,-1.1952267,201
1747532960060,-0.9654905,-0.191829,0.5515694,0.5289038,0.958738,-1.109473,202
1747532960070,-0.967809,-0.20915706,0.5106898,0.60400495,0.92438325,-1.0828413499999998,203
1747532960080,-0.9864794,-0.22648512,0.3687705,0.8628642,0.9102685,-1.0024139,204
1747532960090,-0.9628058,-0.30458343,0.21647878,1.1382351,0.96406436,-0.9869675,205
1747532960100,-0.93522733,-0.33460248,0.15546446,1.2506205,0.91825795,-1.0263823,206
1747532960110,-0.943403265,-0.3258164249999999,0.121906592,1.26260475,0.851678925,-1.03543705,207
1747532960120,-0.9647583,-0.30043447,0.011714748,1.2080098,0.6354303,-1.0391655,208
1747532960130,-1.0282133,-0.3109289,-0.06833603,1.0929613,0.46818373,-1.0114686,209
1747532960140,-1.1407236,-0.32215557,-0.22258021,0.8362326,0.24234766,-0.87032104,210
1747532960150,-1.159516,-0.31934892,-0.26309372,0.759000925,0.2484729299999999,-0.81918837,211
1747532960160,-1.1927078,-0.3048275,-0.36584184,0.6122607600000001,0.2820287649999999,-0.72943985,212
1747532960170,-1.1892909,-0.30848834,-0.3612047,0.41598576,0.36804888,-0.63383234,213
1747532960180,-1.18282345,-0.304461405,-0.32898915,0.3709783399999999,0.37417415,-0.61598917,214
1747532960190,-1.159272,-0.26748675,-0.25333142,0.14913702,0.37017938,-0.54275227,215
1747532960200,-1.1497537,-0.2545517,-0.20793676,0.03568636,0.32170987,-0.50333744,216
1747532960210,-1.13986935,-0.248694335,-0.18048032,-0.031158983,0.262321375,-0.47830373,217
1747532960220,-1.11436535,-0.228437595,-0.12556745,-0.24660872,0.05006743,-0.39254996,218
1747532960230,-1.087519,-0.21306199,-0.03294773,-0.41971418,-0.16085494,-0.31851408,219
1747532960240,-1.12473775,-0.23588133,0.019890665,-0.49508164,-0.280164555,-0.22184133,220
1747532960250,-1.1951483,-0.26577836,0.10909359,-0.59122175,-0.43409526,0.0053263223,221
1747532960260,-1.19270775,-0.26236154,0.1183677599999999,-0.5864280749999999,-0.39468048,0.06631271115,222
1747532960270,-1.17647795,-0.253819525,0.1466784,-0.5605954200000001,-0.281496135,0.18109496,223
1747532960280,-1.0677505,-0.23868799,0.26236153,-0.4213121,0.046339005,0.41864893,224
1747532960290,-1.0135698,-0.24967057,0.28749946,-0.36432046,0.1438107,0.47031426,225
1747532960300,-0.9647583,-0.27456442,0.3104408,-0.3174488,0.19387813,0.4878911,226
1747532960310,-0.90838104,-0.29482117,0.32898918,-0.27057716,0.18322548,0.45806372,227
1747532960320,-0.8668914,-0.29067218,0.3333822,-0.24820662,0.1272991,0.40107206,228
1747532960330,-0.90374404,-0.28871974,0.31263736,-0.2972088,-0.09853696,0.29241508,229
1747532960340,-0.93010217,-0.27212384,0.302631,-0.321177235,-0.157392825,0.27244137,230
1747532960350,-0.9340071,-0.23844394,0.28994003,-0.38083205,-0.31372038,0.21038973,231
1747532960360,-0.94352525,-0.22990192,0.2762728,-0.387489945,-0.3470099,0.18242654,232
1747532960370,-0.96402615,-0.2323425,0.24015234,-0.39254996,-0.40959418,0.098004326,233
1747532960380,-0.98403883,-0.19915071,0.12373702,-0.42397526,-0.4000068,-0.010120012,234
1747532960390,-1.0330943,-0.16913168,0.0993313,-0.51718587,-0.47404268,0.014913702,235
1747532960400,-1.0828819,-0.13227904,0.12495731,-0.6375608,-0.60720074,0.10013486,236
1747532960410,-1.11058245,-0.1214184879999999,0.15973547,-0.67511135,-0.6831008199999999,0.16058862,237
1747532960420,-1.180993,-0.11519502,0.3385074,-0.68336713,-0.83037364,0.34141725,238
1747532960430,-1.1617125,-0.11251039,0.35607952,-0.40959418,-0.65513766,0.54914385,239
1747532960440,-1.1089962,-0.11324256,0.33411437,-0.2647182,-0.4777711,0.60240704,240
1747532960450,-1.0822718999999998,-0.1151950175,0.30763416,-0.21891184,-0.406398385,0.61705442,241
1747532960460,-1.0555476,-0.117147475,0.28115395,-0.17310548,-0.33502567,0.6317018,242
1747532960470,-1.0555476,-0.117147475,0.28115395,-0.17310548,-0.33502567,0.6317018,243
1747532960480,-0.92314655,-0.1857275649999999,0.188656245,-0.252201365,-0.207193935,0.5723133300000001,244
1747532960490,-0.9066727,-0.21232979,0.25748038,-0.3898868,-0.36884782,0.5246427499999999,245
1747532960500,-0.921072,-0.2135501,0.32801294,-0.5486112,-0.64555025,0.48522797,246
1747532960510,-0.927905615,-0.20183535,0.36584182,-0.54594805,-0.706270325,0.48096691,247
1747532960520,-0.9484064,-0.16229807,0.43881494,-0.47990164,-0.83729786,0.4777711,248
1747532960530,-0.93864415,-0.1236149974999999,0.42795437,-0.395745755,-0.829574705,0.484429,249
1747532960540,-0.9354714,-0.08005078,0.3577879,-0.2396845,-0.809601,0.49375007,250
1747532960550,-0.92509898,-0.088226695,0.33582277,-0.22264027,-0.8056062500000001,0.49002165,251
1747532960560,-0.912652105,-0.102504045,0.29555334,-0.20639499,-0.8098673000000001,0.48469533,252
1747532960570,-0.91057765,-0.10860548,0.27724904,-0.20719394,-0.8181231,0.48309743,253
1747532960580,-0.9589009,-0.19085276,0.25015867,-0.41065946,-0.8245147,0.59388494,254
1747532960590,-0.942305,-0.18475133,0.25845662,-0.425573155,-0.77258305,0.60693442,255
1747532960600,-0.91960765,-0.167301235,0.259188785,-0.448210015,-0.63915867,0.61811968,256
1747532960610,-0.85908157,-0.035876416,0.30092257,-0.5858955,-0.34301516,0.62531024,257
1747532960620,-0.81319875,0.012690976,0.35315084,-0.6716492,-0.35579833,0.64768076,258
1747532960630,-0.75194037,0.036608588,0.43613032,-0.7238472,-0.42557314,0.6450176,259
1747532960640,-0.71899265,0.014399378,0.5186216,-0.72011876,-0.5438175,0.61678815,260
1747532960650,-0.715697875,-0.010128376,0.5483966,-0.6990797799999999,-0.6151902300000001,0.599211275,261
1747532960660,-0.7124031,-0.03465613,0.5781716,-0.6780408,-0.68656296,0.5816344,262
1747532960670,-0.7524285,-0.10640897,0.62063754,-0.5544701,-1.0002834,0.5299691,263
1747532960680,-0.7674380000000001,-0.13435351,0.5614536999999999,-0.45486791,-1.0815097,0.49028794,264
1747532960690,-0.7524285,-0.11519502,0.45809543,-0.37284255,-0.91825795,0.40107206,265
1747532960700,-0.72631437,-0.082735404,0.38390204,-0.39468047,-0.7771104,0.35100463,266
1747532960710,-0.68897361,-0.0453946465,0.37035687,-0.508131135,-0.6862965999999999,0.30546458,267
1747532960720,-0.63503695,0.0007321715,0.39000347,-0.69029135,-0.5920207,0.2458097799999999,268
1747532960730,-0.60916686,0.0053692595,0.53228885,-0.85594,-0.6327671,0.2082592,269
1747532960740,-0.61111933,-0.00597940275,0.578293625,-0.871386325,-0.6588661,0.198139185,270
1747532960750,-0.6616392,-0.08859278,0.7414459,-0.7584683,-0.6695187,0.13422333,271
1747532960760,-0.69458693,-0.0993313,0.759018,-0.6892261,-0.64714815,0.1304949,272
1747532960770,-0.70068836,-0.08517598,0.7438865,-0.57471015,-0.6053365500000001,0.1238369924999999,273
1747532960780,-0.69971213,-0.07431543,0.7250941,-0.50333744,-0.56858493,0.1174454054999999,274
1747532960790,-0.6884855,-0.060526195,0.6855568000000001,-0.46924899,-0.53156698,0.109189608,275
1747532960800,-0.6705473,-0.0623566299999999,0.652609075,-0.468982675,-0.49348377,0.086020105,276
1747532960810,-0.665666135,-0.078586435,0.647849975,-0.482298475,-0.4657868699999999,0.066845342,277
1747532960820,-0.6626154,-0.102504045,0.68336034,-0.47670585,-0.42876893,0.07137272,278
1747532960830,-0.6555378,-0.107385196,0.72070104,-0.44581318,-0.41758367,0.076166406,279
1747532960840,-0.64431113,-0.1181237,0.7602383,-0.4000068,-0.4063984,0.072970614,280
1747532960850,-0.6074585,-0.08786061,0.82857436,-0.23062976,-0.45806372,0.03089267,281
1747532960860,-0.59574375,-0.07260703,0.84053318,-0.182160225,-0.487624795,0.0117179095,282
1747532960870,-0.5535218,-0.029530926,0.8829991,-0.006924219,-0.58696073,-0.060720075,283
1747532960880,-0.5274077,0.00048811449,0.89861876,0.1486044,-0.67005134,-0.13369069,284
1747532960890,-0.48909074,0.013911263,0.90496427,0.32490566,-0.7302388,-0.22743396,285
1747532960900,-0.52252656,-0.043930303,0.8571291,0.63649553,-0.8223842,-0.42290998,286
1747532960910,-0.55303373,-0.0623566265,0.814785125,0.679372415,-0.8439558,-0.454867915,287
1747532960920,-0.5835409,-0.08078295,0.77244115,0.7222493,-0.8655274,-0.48682585,288
1747532960930,-0.7485236,-0.12495731,0.48176903,0.49215218,-0.8873653,-0.3930826,289
1747532960940,-0.8083176,-0.14130914,0.35046622,-0.040480047,-0.7536746,-0.17789917,290
1747532960950,-0.7963588,-0.12373702,0.4131889,-0.23808661,-0.588026,-0.06977482,291
1747532960960,-0.77317333,-0.09493827,0.528384,-0.34088463,-0.39627838,0.03195793,292
1747532960970,-0.72655845,-0.0776102,0.6469958,-0.35153726,-0.2082592,0.1123854,293
1747532960980,-0.6653,-0.07150877,0.75950617,-0.28708878,-0.02609898,0.1603223,294
1747532960990,-0.5854933,-0.058573738,0.8829991,-0.011717909,0.2231729,0.175236,295
1747532961000,-0.5649925,-0.03807293,0.90130347,0.08948222,0.24873926,0.1784318,296
1747532961010,-0.56584672,-0.0298970125,0.901181385,0.12144015,0.217313955,0.179230745,297
1747532961020,-0.5400987,-0.017816179,0.8922733,0.19707392,0.12250541,0.16618125,298
1747532961030,-0.512276175,-0.0198906655,0.888246325,0.21305289,0.088416948,0.1272991,299
1747532961040,-0.45785138,-0.051740136,0.8195442,0.22743396,-0.07669904,-0.21837921,300
1747532961050,-0.4886026,-0.024893839,0.7856203,0.16724652,-0.13209279,-0.35792887,301
1747532961060,-0.5065408,0.0003660859999999,0.76829223,0.119575935,-0.152599135,-0.411192085,302
1747532961070,-0.5427833,0.0386830735,0.7463270799999999,0.0077231665,-0.16937705,-0.50839745,303
1747532961080,-0.6188071500000001,0.067969943,0.78025105,-0.1320927935,-0.092145374,-0.5374259,304
1747532961090,-0.69300055,0.073095145,0.856152815,-0.226368695,0.0356863585,-0.48975532,305
1747532961100,-0.72045696,0.04807928,0.9942892,-0.25406557,0.1933455,-0.3669836,306
1747532961110,-0.70032228,0.044784505,1.0499343,-0.22690133,0.2561961,-0.3355583,307
1747532961120,-0.6646899500000001,0.04868942,1.1487775,-0.130494898,0.39707732,-0.29001825,308
1747532961130,-0.66066295,0.11861181,1.2503053,0.31052458,0.8447547,-0.19707392,309
1747532961140,-0.6631035,0.153512,1.2129645,0.45486793,1.0135992,-0.09853696,310
1747532961150,-0.6476059,0.173890785,1.1975889,0.51106064,1.0708571,-0.033023197,311
1747532961160,-0.5861035,0.208302865,1.1805049,0.585362825,1.1342403,0.06364955,312
1747532961170,-0.27871338,0.2884757,1.2642165,0.62584287,1.0583402,0.082025364,313
1747532961180,-0.21940747,0.33142975,1.2525018,0.57151437,0.58749336,-0.07403588,314
1747532961190,-0.26236153,0.3338703,1.223703,0.41971418,0.33182988,-0.15978967,315
1747532961200,-0.31263736,0.35168648,1.2307807,0.22956449,0.16085494,-0.2050634,316
1747532961210,-0.336310895,0.3798750899999999,1.2649487,0.149935973,0.110254875,-0.20319919,317
1747532961220,-0.42197496,0.4253918,1.3706255,-0.028229509,0.09534117,-0.15339808,318
1747532961230,-0.5039782,0.52252656,1.5324354,-0.007989483,0.39787626,0.15499598,319
1747532961240,-0.507395,0.5730464,1.5905211,0.05539375,0.4596616,0.38136467,320
1747532961250,-0.49616838,0.5933032,1.624445,0.12623383,0.43729106,0.64182186,321
1747532961260,-0.45333633,0.5872017700000001,1.63945455,0.174703365,0.38695732,0.75713673,322
1747532961270,-0.3475375149999999,0.55913517,1.65653855,0.2942793,0.25699505,0.9459548,323
1747532961280,-0.28457075,0.53717,1.658613,0.43409525,0.0801611445,1.0466223,324
1747532961290,-0.026114125,0.3226437,1.4267586,0.66206187,-0.47404268,0.9108011,325
1747532961300,-0.0065895454,0.24186075,1.3049742,0.67218184,-0.763262,0.68656296,326
1747532961310,-0.0308732427,0.19353741,1.2128424999999998,0.64235447,-0.8516789499999999,0.57870493,327
1747532961320,-0.19915071,0.08688438,0.7541369,0.46552056,-1.0428939,0.26365295,328
1747532961330,-0.241372615,0.09542638,0.6877533,0.210656043,-1.03304025,0.1027980185,329
1747532961340,-0.33338219,0.11848979,0.58305275,-0.200003402,-0.97844545,-0.1043959164999999,330
1747532961350,-0.4612682,0.15961345,0.53961056,-0.6599313,-0.793622,-0.1949434,331
1747532961360,-0.488724625,0.17035196,0.56779918,-0.7890946249999999,-0.698280835,-0.202666565,332
1747532961370,-0.56426036,0.20500809,0.690438,-1.0807108,-0.3787015,-0.19973709,333
1747532961380,-0.62600684,0.25430766,0.8844635,-1.1648667,0.12197278,-0.08841695,334
1747532961390,-0.6530972,0.26968327,0.93376297,-1.144094,0.30306774,-0.010652645,335
1747532961400,-0.69556314,0.28042176,0.96573454,-1.1286477,0.41385525,0.0958738,336
1747532961410,-0.70129847,0.26468008,1.00649212,-1.1132014,0.45886266,0.207726565,337
1747532961420,-0.69141417,0.211231555,1.08410235,-1.0615361,0.50120692,0.33928673,338
1747532961430,-0.64138246,0.10836142,1.1775762,-0.92305166,0.4596616,0.34301516,339
1747532961440,-0.60086894,0.05418071,1.2119883,-0.80800307,0.39041942,0.2876214,340
1747532961450,-0.579147845,0.0340459865,1.2254114,-0.749946185,0.340884625,0.24447819,341
1747532961460,-0.548762725,-0.0141553204999999,1.23871255,-0.580036515,0.11105382,0.096406432,342
1747532961470,-0.5400987,-0.042221904,1.2385906,-0.46818373,-0.06924219,-0.008522116,343
1747532961480,-0.60721445,-0.11665936,1.1909994,-0.33768883,-0.36112466,-0.16405073,344
1747532961490,-0.6343048,-0.105676785,1.1751356,-0.2695119,-0.44315,-0.18855181,345
1747532961500,-0.6300338,-0.09115538,1.1831895,-0.1533980775,-0.443682635,-0.17337179,346
1747532961510,-0.6100211,-0.0756577475,1.1927077,0.0516653275,-0.405599435,-0.148870705,347
1747532961520,-0.5784157,-0.07443746,1.1731832,0.33609092,-0.28122982,-0.12836437,348
1747532961530,-0.5784157,-0.07443746,1.1731832,0.33609092,-0.28122982,-0.12836437,349
1747532961540,-0.56889743,-0.07138674,1.0708011,0.59894493,-0.15819177,-0.1073253925,350
1747532961550,-0.6040417,-0.04344219,0.89861876,0.71958613,-0.076166406,-0.07456851,351
1747532961560,-0.6140480500000001,-0.041367705,0.8853176549999999,0.725711415,-0.054861118,-0.06711166,352
1747532961570,-0.6151462999999999,-0.0418558185,0.867989625,0.74914725,-0.002396845,-0.0644484999999999,353
1747532961580,-0.5962319,-0.045394648,0.8717725,0.8309063,0.082558,-0.09960223,354
1747532961590,-0.5843951000000001,-0.051374049,0.87287073,0.87484845,0.1017327574999999,-0.12676647,355
1747532961600,-0.56548065,-0.110801995,0.8358961,0.99682125,0.1131843475,-0.2277002699999999,356
1747532961610,-0.5840289750000001,-0.1193439975,0.806853275,1.08097715,0.08442221,-0.337955145,357
1747532961620,-0.6317421649999999,-0.120320225,0.7509641250000001,1.07698235,0.03249056835,-0.403202595,358
1747532961630,-0.66090703,-0.11275445,0.7241178,1.0668623,0.0015978967,-0.43196473,359
1747532961640,-0.8251576,-0.024161667,0.6199054,0.9582054,-0.10279802,-0.43888897,360
1747532961650,-0.8573731250000001,0.0032947729999999,0.62429845,0.948085365,-0.042610578,-0.4063984,361
1747532961660,-0.878484075,0.0333138145,0.64089435,0.973119065,0.083090632,-0.353934115,362
1747532961670,-0.8358960799999999,0.0307512135,0.66017485,1.0626013,0.22264028,-0.323574075,363
1747532961680,-0.72607034,0.02391761,0.65797836,1.2447615,0.4596616,-0.31691617,364
1747532961690,-0.64089435,0.01952458,0.62600684,1.2942963,0.55553544,-0.33289513,365
1747532961700,-0.53936654,-0.020012695,0.5615757,1.2543489,0.6487461,-0.36591834,366
1747532961710,-0.54095289,-0.0312393285,0.5407088,1.2298478,0.66019765,-0.37923415,367
1747532961720,-0.6186851,-0.06760386,0.44735694,1.1446266,0.64182186,-0.4250405,368
1747532961730,-0.6837263499999999,-0.0567433125,0.406477345,1.10095075,0.61252708,-0.4231763,369
1747532961740,-0.85444444,-0.022453265,0.3287451,0.90494215,0.65034395,-0.3371562,370
1747532961750,-0.8584713900000001,-0.0384390155,0.331429735,0.90334424,0.691090325,-0.329433035,371
1747532961760,-0.84321779,-0.081881208,0.330331485,0.91666004,0.78936098,-0.3387541,372
1747532961770,-0.7663397,-0.15741692,0.31190515,0.9528791,0.9400959,-0.44101948,373
1747532961780,-0.7175283,-0.19548985,0.281398,0.9347696,0.9890981,-0.55074173,374
1747532961790,-0.61819696,-0.19451363,0.24478942,0.72651035,0.922519,-0.8016115,375
1747532961800,-0.626495,-0.14765464,0.25333142,0.55979645,0.79255676,-0.89855057,376
1747532961810,-0.6424807299999999,-0.138502485,0.2591888,0.480966895,0.72544508,-0.930508485,377
1747532961820,-0.69287854,-0.12910628,0.29042813,0.30786142,0.5363607,-1.0199907,378
1747532961830,-0.72216535,-0.16913168,0.32166746,0.29507825,0.47031426,-1.067395,379
1747532961840,-0.744496625,-0.17620934,0.312637345,0.3664509649999999,0.5368932799999999,-1.1203919,380
1747532961850,-0.788793,-0.18304294,0.2762728,0.51771855,0.76059884,-1.190433,381
1747532961860,-0.80392455,-0.180358305,0.2646800849999999,0.543551205,0.83543367,-1.18484035,382
1747532961870,-0.84883112,-0.170107895,0.241128565,0.57257965,0.9699233,-1.1563445,383
1747532961880,-0.9776934,-0.17108414,0.12398108,0.57151437,1.1515509,-1.0604708,384
1747532961890,-0.9878217,-0.184629315,0.092619726,0.5422196100000001,1.21599935,-0.977912775,385
1747532961900,-0.99380105,-0.20781475,0.03563236,0.464455305,1.2977584,-0.862864195,386
1747532961910,-0.9630499,-0.225508895,0.013789235,0.31824775,1.29163315,-0.82211782,387
1747532961920,-0.90862515,-0.241860725,0.0433201609999999,0.124902256,1.19815615,-0.827710465,388
1747532961930,-0.84931916,-0.3214234,0.21159762,-0.33502567,0.66579026,-0.9262474,389
1747532961940,-0.8562748149999999,-0.33301612,0.2406404449999999,-0.394147845,0.56166068,-0.9472864,390
1747532961950,-0.9003272,-0.3590082,0.31825066,-0.5134575,0.31158987,-0.9912286,391
1747532961960,-0.92473292,-0.3644995,0.34204625,-0.51265855,0.264185595,-0.9962886,392
1747532961970,-0.96390412,-0.34997809,0.377434555,-0.4857606,0.191481285,-0.994424365,393
1747532961980,-0.9984382,-0.26675457,0.41050428,-0.24714136,0.13901702,-0.90494215,394
1747532961990,-1.0052718,-0.24820623,0.37291947,-0.11717909,0.07243799,-0.8266452,395
1747532962000,-1.0117393,-0.24918245,0.346683325,-0.093476955,0.0271642464999999,-0.783501985,396
1747532962010,-1.03309425,-0.266388475,0.28749944,-0.07057377,-0.054062171,-0.68975872,397
1747532962020,-1.0503003,-0.308366325,0.2197735499999999,-0.082824315,-0.09454222,-0.593884935,398
1747532962030,-1.0553036,-0.38609856,0.14741059,-0.19281286,-0.043675844,-0.40852892,399
1747532962040,-1.0716554,-0.4139211,0.16717921,-0.26312032,0.009054748,-0.330232,400
1747532962050,-1.0948408,-0.4322254,0.2135501,-0.30945933,0.018642128,-0.25033715,401
1747532962060,-1.1020405,-0.428076415,0.236491475,-0.316649855,0.0039947415,-0.207992885,402
1747532962070,-1.1168059,-0.3961049,0.2945771,-0.31212248,-0.018109496,-0.10546118,403
1747532962080,-1.1072878,-0.3585201,0.3184947,-0.16777915,0.07350325,0.15233281,404
1747532962090,-1.0728757,-0.35510328,0.33240595,-0.08042747,0.13795175,0.2247708,405
1747532962100,-1.0206474,-0.35168648,0.33045352,-0.0484695345,0.14194649,0.25379925,406
1747532962110,-0.98635735,-0.351564455,0.31532197,-0.0098536962,0.127831735,0.30146983,407
1747532962120,-0.92131608,-0.35278474,0.28627916,-0.0292947717,0.077764305,0.321709855,408
1747532962130,-0.86811161,-0.375604095,0.272489925,-0.15872441,-0.050600065,0.297208775,409
1747532962140,-0.85444444,-0.42246306,0.29823795,-0.33236252,-0.21784658,0.251668725,410
1747532962150,-0.88641596,-0.43466598,0.34582913,-0.49321744,-0.40746364,0.20240025,411
1747532962160,-0.914604545,-0.43344569,0.36767225,-0.5254416900000001,-0.455666855,0.2002697199999999,412
1747532962170,-1.0372432,-0.41562948,0.45736328,-0.57417756,-0.567786,0.21518342,413
1747532962180,-1.0538392,-0.383658,0.4544346,-0.45540056,-0.6279734,0.2647182,414
1747532962190,-1.0501783,-0.34680536,0.44320798,-0.41199103,-0.61572285,0.27057716,415
1747532962200,-1.0498122,-0.33277206,0.42856454,-0.329965665,-0.6021407299999999,0.28362666,416
1747532962210,-1.04517515,-0.31776254,0.3511984,-0.268180325,-0.61891866,0.3057309,417
1747532962220,-1.0448091,-0.3277689,0.22599702,-0.33981937,-0.70147663,0.36005938,418
1747532962230,-1.0521308,-0.34241232,0.200371,-0.4596616,-0.7781757,0.40586576,419
1747532962240,-1.0567679,-0.34631723,0.20769272,-0.5209143,-0.82185155,0.43356263,420
1747532962250,-1.06506585,-0.34887983,0.23844393,-0.6743124,-0.9374327,0.53529537,421
1747532962260,-1.05530355,-0.34131405,0.32776889,-0.6532734250000001,-0.9669938,0.611461785,422
1747532962270,-1.0099088699999998,-0.31227124,0.3998878,-0.582965975,-0.96619485,0.7057377,423
1747532962280,-0.9413288,-0.24576566,0.413677,-0.484695335,-0.89881687,0.733434585,424
1747532962290,-0.9276616,-0.23258655,0.42075467,-0.35739622,-0.8383631,0.77924097,425
1747532962300,-0.91314018,-0.231244235,0.41257876,-0.30706248,-0.87271788,0.844488415,426
1747532962310,-0.86994203,-0.237955815,0.3834139399999999,-0.247141355,-0.89988213,0.91213271,427
1747532962320,-0.812954685,-0.249060425,0.3422903,-0.235956075,-0.87484842,0.88976216,428
1747532962330,-0.78464407,-0.25211114,0.32215557,-0.23435818,-0.85700524,0.86499476,429
1747532962340,-0.7311955,-0.26626647,0.23307467,-0.3222425,-0.7504788,0.71798825,430
1747532962350,-0.7084982,-0.21013328,0.19256116,-0.5592638,-0.64555025,0.58429754,431
1747532962360,-0.7159419149999999,-0.190852765,0.21525849,-0.63889235,-0.6383597249999999,0.57098174,432
1747532962370,-0.7197248,-0.12032023,0.31605414,-0.87990844,-0.63010395,0.582167,433
1747532962380,-0.7053254,-0.093717985,0.42954078,-0.9310411,-0.62317973,0.6087986,434
1747532962390,-0.6796995,-0.08078295,0.53302103,-0.90494215,-0.6178534,0.62744075,435
1747532962400,-0.64443318,-0.0500317355,0.594401415,-0.833303125,-0.6487460700000001,0.632234455,436
1747532962410,-0.59488953,-0.0247718104999999,0.6659102,-0.7259777249999999,-0.69295454,0.627707095,437
1747532962420,-0.5559624,-0.0605262,0.68311626,-0.648213425,-0.71532509,0.594151265,438
1747532962430,-0.5339973,-0.06662763,0.6728658,-0.5336975,-0.74728304,0.49960902,439
1747532962440,-0.53436335,-0.0667496599999999,0.66883885,-0.5126585300000001,-0.75527252,0.46285741,440
1747532962450,-0.56011135,-0.08432178,0.65761223,-0.4958806,-0.69721556,0.3206446,441
1747532962460,-0.593669225,-0.107751275,0.65468356,-0.5006743,-0.67298083,0.305464585,442
1747532962470,-0.6369894,-0.111290105,0.66847277,-0.49960902,-0.5853628,0.27856666,443
1747532962480,-0.646873735,-0.102504045,0.679455385,-0.48869006,-0.5486112,0.28149614,444
1747532962490,-0.667252535,-0.0639430005,0.71972485,-0.4215784,-0.43675845,0.29987196,445
1747532962500,-0.66822875,-0.010982576,0.7563334,-0.29241508,-0.28122982,0.3387541,446
1747532962510,-0.667984675,-0.00561331662,0.762190785,-0.25859294,-0.257527685,0.3536678,447
1747532962520,-0.6784792,-0.008542004,0.780007,-0.1667139,-0.23169503,0.40266997,448
1747532962530,-0.6765267,-0.021965152,0.77634615,-0.11132014,-0.25193503,0.44794372,449
1747532962540,-0.61770886,-0.025381953,0.76389915,-0.04580637,-0.24554345,0.44847634,450
1747532962550,-0.58280873,-0.03099527,0.75267255,-0.007989483,-0.21038973,0.41971418,451
1747532962560,-0.563772265,-0.035388301,0.7387613049999999,0.0069242194999999,-0.1861549599999999,0.39654468,452
1747532962570,-0.51618105,-0.0388051,0.6909261,0.0250337154999999,-0.140614905,0.35100463,453
1747532962580,-0.51349646,-0.053936653,0.6572462,0.0015978967,-0.11771172,0.27483824,454
1747532962590,-0.52838393,-0.0732171765,0.6512667999999999,-0.06444850165,-0.140082275,0.224770805,455
1747532962600,-0.5447358,-0.06613952,0.6877533,-0.17630127,-0.18269286,0.1257012,456
1747532962610,-0.54192913,-0.0536925964999999,0.6980037,-0.181361275,-0.18402444,0.106260125,457
1747532962620,-0.53692593,-0.0320935279999999,0.713501335,-0.1818939,-0.173638105,0.0615190214999999,458
1747532962630,-0.5405868,0.04783522,0.6965394,-0.17310548,-0.12250541,-0.015978966,459
1747532962640,-0.5405868,0.063698942,0.691536215,-0.205329725,-0.092145375,-0.0516653279999999,460
1747532962650,-0.5508372,0.09664667,0.67799103,-0.30945933,-0.056991648,-0.09853696,461
1747532962660,-0.5524236,0.080294835,0.68189594,-0.347542525,-0.0484695324999999,-0.106526445,462
1747532962670,-0.5587691,0.0319715,0.700566325,-0.41385524,-0.025832663,-0.131027525,463
1747532962680,-0.60086894,-0.058817793,0.759018,-0.51771855,-0.021837922,-0.22370553,464
1747532962690,-0.6080686200000001,-0.066139514,0.7664617499999999,-0.533164875,-0.0186421285,-0.24181503,465
1747532962700,-0.64357895,-0.079318605,0.7975791,-0.572047,-0.007989483,-0.283893,466
1747532962710,-0.649314275,-0.07516963,0.8168596,-0.5797701799999999,-0.00479368985,-0.287621415,467
1747532962720,-0.64004012,-0.058329681,0.8660371,-0.582699655,0.0,-0.295344575,468
1747532962730,-0.64821607,-0.02318544,0.9776934,-0.47670585,-0.061252706,-0.31372038,469
1747532962740,-0.6559038349999999,-0.033435845,0.9983162,-0.43809001,-0.065513763,-0.31505196,470
1747532962750,-0.6728658249999999,-0.056255195,1.0339485000000002,-0.25566345,-0.084155895,-0.34887412,471
1747532962760,-0.697027505,-0.0711426875,1.0457853,-0.196274965,-0.0833569475,-0.360858335,472
1747532962770,-0.74620503,-0.0710206575,1.01393583,-0.090014845,-0.0495347995,-0.3733751899999999,473
1747532962780,-0.7995315,-0.04344219,0.9752528,0.05486112,0.11451593,-0.2609898,474
1747532962790,-0.7963588,-0.016595893,0.9938011,0.08841695,0.15606125,-0.17470337,475
1747532962800,-0.7753699,0.0019524579,1.0374874,0.13954964,0.17257284,-0.108124346,476
1747532962810,-0.763045,0.01903646595,1.0572560000000002,0.176567585,0.174170735,-0.0727043005,477
1747532962820,-0.6723777,0.061502427,1.1377949,0.264984535,0.179497055,-0.01731054695,478
1747532962830,-0.54253924,0.07785426,1.2168695,0.66579026,0.09267801,-0.06338324,479
1747532962840,-0.54156303,0.078830495,1.1604922,0.77870834,0.024501082,-0.09640643,480
1747532962850,-0.55791485,0.0873725,1.0750722,0.8149273,-0.002130529,-0.096939065,481
1747532962860,-0.5758530749999999,0.093840015,1.0427346,0.806937825,0.0005326322,-0.0708400875,482
1747532962870,-0.6728658,0.17791773,0.99770606,0.68336713,0.123038046,0.30253512,483
1747532962880,-0.63162017,0.20671648,1.0777569,0.69295454,0.31478566,0.52464277,484
1747532962890,-0.59183884,0.22697324,1.1429201,0.78563255,0.55606806,0.74461985,485
1747532962900,-0.56548065,0.2399082799999999,1.1508519499999998,0.843156825,0.6977482150000001,0.8562063,486
1747532962910,-0.51093386,0.258822725,1.1473131,0.93823165,1.006408585,1.096689775,487
1747532962920,-0.2489384,0.2677308,1.1226633,0.94755274,1.3763217,1.3938985,488
1747532962930,-0.1420413215,0.27248992,1.15902785,0.83010732,1.4277207,1.4213291,489
1747532962940,0.14570218,0.30360723,1.244692,0.54914385,1.32945,1.2911005,490
1747532962950,0.27944556,0.3219115,1.26202,0.4362258,1.1949604,1.16779615,491
1747532962960,0.285424965,0.32325382,1.2648266499999998,0.18801917,0.8676579200000001,0.9057411,492
1747532962970,0.23405088,0.30580372,1.2769076,-0.22530343,0.22849922,0.509729,493
1747532962980,0.1241031,0.27310006,1.2971643,-0.6599313,-0.5587312,0.02876214,494
1747532962990,-0.16083373,0.22892569,1.3320644,-0.7440872,-0.7643272,-0.08522116,495
1747532963000,-0.224410645,0.221115865,1.3489044,-0.752609335,-0.83117257,-0.1139833,496
1747532963010,-0.38707477,0.20525214,1.3877095,-0.7142598,-0.9571401,-0.15073492,497
1747532963020,-0.50568664,0.20598431,1.3371897,-0.51452273,-0.84368944,-0.08522116,498
1747532963030,-0.52081817,0.20415388,1.3142483,-0.462324765,-0.78909467,-0.0508663795,499
1747532963040,-0.5349735,0.19854057,1.2627522,-0.4101268,-0.7344999,-0.016511599,500
1747532963050,-0.5252112,0.19109683,1.1704986,-0.27483824,-0.5267733,0.13102753,501
1747532963060,-0.47884035,0.1666911,1.0550594,-0.26205507,-0.36112466,0.2231729,502
1747532963070,-0.4651731,0.14814276,1.0221118,-0.2759035,-0.3153183,0.23116238,503
1747532963080,-0.4549227,0.12935033,0.99404514,-0.28655615,-0.30360038,0.225569745,504
1747532963090,-0.45089577,0.128374105,0.98538112,-0.309459335,-0.2908172049999999,0.2029328799999999,505
1747532963100,-0.45516677,0.1277639649999999,0.95511805,-0.354733065,-0.3137203899999999,0.1206411999999999,506
1747532963110,-0.47090846,0.1149509599999999,0.9211941,-0.41012682,-0.340884625,0.00479369,507
1747532963120,-0.52472305,0.09518232,0.88275504,-0.48948902,-0.36112466,-0.15233281,508
1747532963130,-0.5584029749999999,0.102504045,0.87128437,-0.53183329,-0.38615838,-0.1850897,509
1747532963140,-0.62295612,0.11958805,0.8603018,-0.63835973,-0.4444816,-0.22663502,510
1747532963150,-0.694952995,0.120686305,0.90227965,-0.72970615,-0.4655205599999999,-0.21385184,511
1747532963160,-0.7409577949999999,0.10958171,0.96243978,-0.72278193,-0.41412156,-0.179497065,512
1747532963170,-0.73388016,0.119099945,1.0108851,-0.6034723,-0.2977414,-0.14008227,513
1747532963180,-0.7289989800000001,0.1212964575,1.0262607,-0.6034723,-0.2977414,-0.14008227,514
1747532963190,-0.7353445,0.09518232,1.0592085,-0.45486793,-0.22530343,-0.03355583,515
1747532963200,-0.7421781,0.037828874,1.0860548,-0.3222425,-0.27004454,0.092145376,516
1747532963210,-0.7396155,0.0316054135,1.09276635,-0.273240335,-0.28149614,0.123038043,517
1747532963220,-0.7426662,-0.00024405724,1.1107045,-0.12463594,-0.28868666,0.20133498,518
1747532963230,-0.75694353,-0.01232489112,1.10814195,-0.069508505,-0.27670243,0.22423817,519
1747532963240,-0.7955046,-0.0397813325,1.0725096,0.084155895,-0.20426445,0.29481195,520
1747532963250,-0.77756643,-0.05418071,1.0411482,0.2892193,-0.056459017,0.3653857,521
1747532963260,-0.7564554649999999,-0.053570565,1.0405381,0.34621095,-0.0332895145,0.366450975,522
1747532963270,-0.69214636,-0.05344854,1.0199152,0.49960902,0.015978966,0.3685815,523
1747532963280,-0.63381666,-0.063943,1.0035634,0.58269966,0.035153728,0.34621096,524
1747532963290,-0.5137405,-0.107629254,0.95792466,0.6578008,0.040480047,0.29880667,525
1747532963300,-0.48909074,-0.111290105,0.91521466,0.727042975,0.0197073912499999,0.208525515,526
1747532963310,-0.48469772,-0.1131205325,0.8884903799999999,0.817590445,-0.0053263222499999,0.078829573,527
1747532963320,-0.47469133,-0.1244692,0.81539524,0.87298423,0.01917476,-0.025033714,528
1747532963330,-0.484697685,-0.1231268849999999,0.8016060199999999,0.8870989650000001,0.0178431795,-0.047670585,529
1747532963340,-0.5077611200000001,-0.0861522099999999,0.73900535,0.8910937,0.0255663459999999,-0.059921127,530
1747532963350,-0.48689422,-0.04637088,0.6772589,0.8788432,0.12516858,-0.06391586,531
1747532963360,-0.44735694,-0.046614934,0.6801876,0.908138,0.22743396,-0.10439592,532
1747532963370,-0.44210972,-0.048567392,0.674208175,0.93077485,0.28549088,-0.13555491,533
1747532963380,-0.4283204699999999,-0.0528383949999999,0.655659795,0.96752645,0.397077325,-0.190149715,534
1747532963390,-0.47151858,-0.03929322,0.5835409,0.9864349,0.5725796,-0.2727077,535
1747532963400,-0.53131264,-0.0319715,0.5532778,0.9443569,0.6045376,-0.2593919,536
1747532963410,-0.5525456049999999,-0.026358183,0.54888475,0.924649525,0.62690815,-0.24687504,537
1747532963420,-0.575731035,-0.027456441,0.54180708,0.900947425,0.68230188,-0.23222765,538
1747532963430,-0.56743306,-0.048567392,0.5039782,0.9033443,0.8021441,-0.26045716,539
1747532963440,-0.5293602,-0.057109397,0.4407674,0.8111989,0.89642006,-0.42663842,540
1747532963450,-0.53131264,-0.04759116,0.41807005,0.6956177,0.8367652,-0.4990764,541
1747532963460,-0.5370479699999999,-0.0523502785,0.425391775,0.6285060499999999,0.793089375,-0.5289037999999999,542
1747532963470,-0.54790854,-0.08346757,0.47395915,0.45060685,0.68389976,-0.61891866,543
1747532963480,-0.54815257,-0.09835507,0.579636,0.39148468,0.64075655,-0.79202414,544
1747532963490,-0.54815257,-0.09835507,0.579636,0.39148468,0.64075655,-0.79202414,545
1747532963500,-0.60697037,-0.0540586805,0.6166106,0.41998051,0.600542845,-0.8892295,546
1747532963510,-0.67018116,-0.03294773,0.5981843,0.45060685,0.5800365,-0.9518138,547
1747532963520,-0.69409883,-0.04002539,0.5715821,0.479369,0.58056915,-0.9715212,548
1747532963530,-0.76463133,-0.09054524,0.47981656,0.49508165,0.605602875,-0.96859172,549
1747532963540,-0.7682922,-0.118855886,0.4549227,0.49534798,0.7089335,-0.95128113,550
1747532963550,-0.756455425,-0.126665713,0.4552888,0.482032165,0.75500618,-0.953944295,551
1747532963560,-0.70068836,-0.12544543,0.47151858,0.43782368,0.8996158,-0.9779128,552
1747532963570,-0.67091334,-0.10909359,0.54205114,0.39254996,1.0205233,-1.0466223,553
1747532963580,-0.6901939,-0.15058333,0.5432714,0.4250405,1.0173275,-1.0785803,554
1747532963590,-0.687997375,-0.1776736749999999,0.52606537,0.46205845,1.02451805,-1.1132014,555
1747532963600,-0.6796995,-0.2596769,0.4549227,0.6087986,1.0562097,-1.2815131,556
1747532963610,-0.6920243500000001,-0.28932987,0.426245985,0.63116915,1.0476876,-1.33983635,557
1747532963620,-0.7043492,-0.31898284,0.39756927,0.6535397,1.0391655,-1.3981596,558
1747532963630,-0.8139309,-0.4217309,0.2774931,0.35899413,0.81066626,-1.6314526,559
1747532963640,-0.85041748,-0.407209515,0.283594525,0.28469193,0.737961945,-1.63784415,560
1747532963650,-0.92192626,-0.376214255,0.313003405,0.16245283,0.601341785,-1.6274578000000002,561
1747532963660,-0.98623533,-0.343022455,0.36730614,0.114249613,0.46978164,-1.5792546,562
1747532963670,-1.0657979,-0.28042176,0.41733786,0.19068234,0.283893,-1.4610102,563
1747532963680,-1.0725095,-0.25613807,0.3832919,0.32623724,0.28016456,-1.3651364,564
1747532963690,-1.0985017,-0.22819352,0.31263736,0.5390238,0.25726137,-1.1829761,565
1747532963700,-1.1363305,-0.2421048,0.264314,0.54008905,0.2407497699999999,-1.12145715,566
1747532963710,-1.1368185999999998,-0.256260115,0.253087375,0.51425639,0.210389735,-0.99469072,567
1747532963720,-1.1385269999999998,-0.283838585,0.23746771,0.455400555,0.18056233,-0.86579367,568
1747532963730,-1.0809295,-0.33582276,0.20525214,0.3435478,0.19760656,-0.6125271,569
1747532963740,-1.0245523,-0.3109289,0.19841854,0.3355583,0.27483824,-0.5640575,570
1747532963750,-1.0088106,-0.28676725,0.202445485,0.320378275,0.29427931,-0.54328485,571
1747532963760,-0.986845475,-0.229535845,0.220749775,0.265783475,0.293746665,-0.4721784599999999,572
1747532963770,-0.95585024,-0.174378905,0.290672175,0.1853560149999999,0.17976337,-0.329166715,573
1747532963780,-0.93107843,-0.15229172,0.34631723,0.14434333,0.08575379,-0.23648871,574
1747532963790,-0.9415728,-0.201591285,0.407697645,0.19201391,-0.066845345,-0.127831735,575
1747532963800,-0.9723241,-0.27139166,0.4356422,0.3153183,-0.15233281,-0.03195793,576
1747532963810,-0.9925808,-0.33094162,0.35119838,0.5113269,-0.19121496,0.044208474,577
1747532963820,-0.9962417,-0.33997175,0.25772443,0.5470133,-0.17097494,0.05912218,578
1747532963830,-1.0150341,-0.3392396,0.16351835,0.50120693,-0.13795175,0.094808534,579
1747532963840,-1.0225998,-0.34509695,0.08859278,0.40373522,-0.10918961,0.13848437,580
1747532963850,-1.0038075,-0.3619369,0.034900185,0.27164245,-0.06977482,0.17204021,581
1747532963860,-0.98025597,-0.37243135,0.0222092085,0.1153148839999999,-0.015978965,0.186421285,582
1747532963870,-0.96048732,-0.3807293,0.033069756,-0.127032791,0.0380832049999999,0.21012342,583
1747532963880,-0.96841915,-0.36852645,0.09176552,-0.297208785,0.02556634675,0.237287655,584
1747532963890,-0.974032435,-0.3491239,0.174012815,-0.446878435,-0.0031957932499999,0.270843475,585
1747532963900,-0.989164,-0.32557237,0.4300289,-0.5587312,-0.15446335,0.3435478,586
1747532963910,-0.9985602,-0.326914685,0.4660273499999999,-0.522512215,-0.197606555,0.35659728,587
1747532963920,-1.01039695,-0.327158735,0.5120321299999999,-0.445546865,-0.28735508,0.38083203,588
1747532963930,-1.0128375,-0.32606047,0.52203846,-0.4048005,-0.3339604,0.3920173,589
1747532963940,-1.0125935,-0.3109289,0.4876264,-0.32836777,-0.4905542899999999,0.4029362749999999,590
1747532963950,-1.091424,-0.32728076,0.45809543,-0.34141725,-0.8378305,0.4926848,591
1747532963960,-1.1049692,-0.33289408,0.454556615,-0.347009895,-0.89961583,0.530768015,592
1747532963970,-1.1287647,-0.33948365,0.44735694,-0.33609092,-1.0205233,0.6530071,593
1747532963980,-1.12363955,-0.329721345,0.445038395,-0.31531827,-1.0197243500000002,0.6964166199999999,594
1747532963990,-1.06299135,-0.30360721,0.4373506,-0.22157501,-0.93663375,0.79575252,595
1747532964000,-0.98452693,-0.29506522,0.4127008,-0.0974717,-0.8042747,0.87511474,596
1747532964010,-0.984038815,-0.302386925,0.3897594199999999,-0.0910801099999999,-0.794421,0.89082739,597
1747532964020,-0.97598493,-0.31507793,0.32117933,-0.12996227,-0.78083885,0.93849796,598
1747532964030,-0.93840015,-0.32898918,0.30800024,-0.20559604,-0.7845673,0.9438243,599
1747532964040,-0.895202,-0.32581642,0.3590082,-0.3584615,-0.88949585,0.91612744,600
1747532964050,-0.87958235,-0.31581008,0.38756293,-0.39627838,-0.9358348,0.9102685,601
1747532964060,-0.872992825,-0.30629184,0.399521725,-0.40107207,-0.94089483,0.906007415,602
1747532964070,-0.8539563,-0.27139166,0.42441553,-0.394147845,-0.909469545,0.899083195,603
1747532964080,-0.8105141,-0.2306341,0.43442193,-0.34301516,-0.7281082,0.8724516,604
1747532964090,-0.7048373,-0.12154051,0.45370242,-0.2775014,-0.43675843,0.75580513,605
1747532964100,-0.69849183,-0.102015928,0.4606580449999999,-0.28309403,-0.4207794649999999,0.739559865,606
1747532964110,-0.68946173,-0.077244118,0.4799385699999999,-0.314785645,-0.43303,0.712395615,607
1747532964120,-0.6958072,-0.08566409,0.5252112,-0.41278997,-0.5965481,0.6711166,608
1747532964130,-0.72497205,-0.106775045,0.57060585,-0.48203218,-0.7680557,0.6540724,609
1747532964140,-0.7739055,-0.15058333,0.6677406,-0.46978164,-0.9395633,0.6498113,610
1747532964150,-0.75096416,-0.16303024,0.70264083,-0.3637878,-0.8697884,0.6279734,611
1747532964160,-0.7370529,-0.12837411,0.6999562,-0.23116238,-0.76113147,0.6013418,612
1747532964170,-0.72704655,-0.07468152,0.66188323,-0.14434333,-0.6423545,0.58483016,613
1747532964180,-0.690438,-0.0039049159,0.6106312,-0.128897,-0.5411543,0.588026,614
1747532964190,-0.6548056,-0.027822526,0.6037976,-0.18908444,-0.5161206,0.6098639,615
1747532964200,-0.6118515,-0.04612682,0.5835409,-0.22104238,-0.5342301,0.5944176,616
1747532964210,-0.5952556499999999,-0.055400995,0.5771954,-0.248206625,-0.55047538,0.577107025,617
1747532964220,-0.5962319,-0.12056428,0.5679212,-0.36751625,-0.6221144,0.5107943,618
1747532964230,-0.64357895,-0.20574026,0.5769514,-0.51665324,-0.72970617,0.44900897,619
1747532964240,-0.6291796,-0.19207305,0.58110034,-0.5725796,-0.7073356,0.40213734,620
1747532964250,-0.622101935,-0.1748670199999999,0.59049654,-0.61199445,-0.63436496,0.34088463,621
1747532964260,-0.59110665,-0.1313028,0.64992446,-0.63383234,-0.55287224,0.27856666,622
1747532964270,-0.5869577,-0.107873306,0.68994987,-0.63436496,-0.49960902,0.2247708,623
1747532964280,-0.5662128,-0.07590181,0.7421781,-0.62531024,-0.515588,0.13475595,624
1747532964290,-0.573778585,-0.078708465,0.75669948,-0.6322344550000001,-0.548078575,0.12117383,625
1747532964300,-0.6040417,-0.10470056,0.7963588,-0.6428871,-0.6695187,0.10279802,626
1747532964310,-0.61966133,-0.13081467,0.82247293,-0.62264705,-0.763262,0.09960223,627
1747532964320,-0.5937913,-0.12056428,0.83760446,-0.505468,-0.86020106,0.058056913,628
1747532964330,-0.5900084,-0.1159271925,0.8291845,-0.46418899,-0.86286423,0.03195793375,629
1747532964340,-0.592082885,-0.1036023025,0.80014169,-0.3901531,-0.8641958,-0.01145159275,630
1747532964350,-0.6057501,-0.07858644,0.7399816,-0.31265512,-0.84155893,-0.03568636,631
1747532964360,-0.61160743,-0.06955632,0.70874226,-0.29614353,-0.809601,-0.02609898,632
1747532964370,-0.62759319,-0.08981307,0.700932415,-0.3025351149999999,-0.77897465,0.0015978959999999,633
1747532964380,-0.6221019,-0.1147069,0.72753465,-0.28336033,-0.6540724,0.060720075,634
1747532964390,-0.6103871750000001,-0.1171474775,0.74547285,-0.22210763,-0.5763081,0.06870956,635
1747532964400,-0.596231875,-0.1254454274999999,0.772441175,-0.18695391,-0.563524915,0.0631169199999999,636
1747532964410,-0.583784935,-0.1391126349999999,0.7865964999999999,-0.119842252,-0.553404895,0.0388821519999999,637
1747532964420,-0.54912883,-0.12398108,0.7856203,-0.03195793,-0.58056915,-0.025566347,638
1747532964430,-0.52423495,-0.090789296,0.78488815,0.06178534,-0.6040049,-0.094808534,639
1747532964440,-0.50617474,-0.08688438,0.78586435,0.12197278,-0.59601545,-0.13688648,640
1747532964450,-0.4898229,-0.076389916,0.7897693,0.16990969,-0.5763081,-0.15339808,641
1747532964460,-0.4864061,-0.070410513,0.78806088,0.18801918,-0.564856485,-0.1510012399999999,642
1747532964470,-0.48469771,-0.046981018,0.76829223,0.215449735,-0.536626965,-0.14088123,643
1747532964480,-0.48896871,-0.0133011195,0.7558453,0.22956449,-0.4426173799999999,-0.0596548109999999,644
1747532964490,-0.46590528,0.004148973,0.7804951,0.27377295,-0.2082592,0.105993815,645
1747532964500,-0.43979117,-0.029286869,0.80563295,0.314253,-0.1131843485,0.1307612075,646
1747532964510,-0.42319527,-0.034412071,0.80368051,0.39947416,0.0838895765,0.1653822999999999,647
1747532964520,-0.3121492,-0.005857374,0.79587066,0.47830373,0.43356264,0.16724652,648
1747532964530,-0.220993825,0.0145214055,0.83858068,0.450074225,0.555269095,0.108656975,649
1747532964540,-0.0319715,0.051496077,0.94938266,0.41172472,0.753142,-0.017044231,650
1747532964550,0.029042812,0.06833603,0.9994144,0.43409526,0.8202536,-0.101200126,651
1747532964560,0.0355103285,0.079318605,1.01332565,0.45699845,0.8615326249999999,-0.132092793,652
1747532964570,0.0319714985,0.1100698149999999,1.02687085,0.502272205,0.994957025,-0.18189391,653
1747532964580,-0.034412072,0.1826768449999999,1.0482259,0.541686985,1.38590905,-0.172572845,654
1747532964590,-0.072118918,0.2550398299999999,1.12010075,0.5731122799999999,1.85169585,-0.133690688,655
1747532964600,0.0102504045,0.3333822,1.2808125,0.63436496,2.3158848,-0.19547603,656
1747532964610,0.16473864,0.52496713,1.4487238,0.56885123,2.2572954,-0.479369,657
1747532964620,0.16229807,0.565480645,1.4833799,0.49801114,2.1113542,-0.560062775,658
1747532964630,0.12154051,0.61746488,1.560502,0.33236251,1.7595506,-0.7094661250000001,659
1747532964640,0.0506418785,0.64797203,1.6272517,0.154197025,1.3584785,-0.8444884,660
1747532964650,-0.1014057815,0.74352041,1.64982695,-0.0141147574999999,0.9851033,-0.95980325,661
1747532964660,-0.29628549,0.85151573,1.6584910000000002,-0.3041329975,0.5438175000000001,-0.9856359,662
1747532964670,-0.43405582,0.91045555,1.6954658,-0.6085323,0.1320928005,-0.8426241800000001,663
1747532964680,-0.55022708,0.934251165,1.75538185,-0.73316825,-0.1334243745,-0.5917544299999999,664
1747532964690,-0.6291796000000001,0.897520565,1.8138335,-0.72464615,-0.3376888249999999,-0.3291667299999999,665
1747532964700,-0.6633476,0.8162494849999999,1.8566655,-0.5882923,-0.47537425,-0.0822916814999999,666
1747532964710,-0.6982478,0.66969305,1.8318938,-0.22050974,-0.5917544,0.2514024,667
1747532964720,-0.6876313000000001,0.565114525,1.69229305,-0.03355583,-0.60773338,0.4399542,668
1747532964730,-0.65639195,0.41087035,1.49118985,0.200536035,-0.61226076,0.680703965,669
1747532964740,-0.5957437299999999,0.3050715499999999,1.37672695,0.277767705,-0.5755091299999999,0.745685115,670
1747532964750,-0.478474245,0.183164967,1.2302925500000002,0.296676145,-0.547279625,0.6593987,671
1747532964760,-0.377922655,0.099331297,1.10143035,0.235157125,-0.573112275,0.48602691,672
1747532964770,-0.340093775,0.073095143,1.03346045,0.18482338,-0.6018744,0.41172472,673
1747532964780,-0.319837035,0.064431113,0.97269015,-0.028229505,-0.73423355,0.184024435,674
1747532964790,-0.307024,0.07687803,0.90472025,-0.2796319,-0.85753787,-0.03089267,675
1747532964800,-0.331673785,0.09286378,0.910455555,-0.402137335,-0.8711200100000001,-0.144343335,676
1747532964810,-0.3892712849999999,0.125201365,0.93229863,-0.547545935,-0.8825716100000001,-0.278300335,677
1747532964820,-0.5210622,0.183287,0.9679311,-0.5901565,-0.89855057,-0.27057716,678
1747532964830,-0.5751208999999999,0.2098892299999999,0.97891365,-0.5920207200000001,-0.911333735,-0.205596035,679
1747532964840,-0.669693085,0.258822705,1.0249184,-0.488157435,-0.8215852,-0.0058589549999999,680
1747532964850,-0.7221654049999999,0.281642065,1.0598186,-0.2806971849999999,-0.6415555,0.19068233,681
1747532964860,-0.73632073,0.27505252,1.0160104,0.006924219,-0.38562572,0.36005938,682
1747532964870,-0.70361704,0.23990828,0.95328766,0.15765914,-0.19600865,0.4394216,683
1747532964880,-0.68775332,0.216600805,0.92644133,0.206661295,-0.1190432985,0.46685216,684
1747532964890,-0.54864067,0.10323621,0.8346757,0.268979265,0.0513990114999999,0.541953295,685
1747532964900,-0.456143,0.051252022,0.8305268,0.26365295,0.21411815,0.56459016,686
1747532964910,-0.42002252,0.022697324,0.8302827500000001,0.255130835,0.22530343,0.53236593,687
1747532964920,-0.39366436,-0.03099527,0.8105141,0.19387813,0.175236,0.43036684,688
1747532964930,-0.4141651699999999,-0.0328257,0.802460225,0.145941228,0.1179780375,0.40426786,689
1747532964940,-0.5710939,0.025870068,0.86323047,-0.07137272,-0.19547603,0.3669836,690
1747532964950,-0.59232694,0.030507157,0.9366917,-0.021837922,-0.2231729,0.3637878,691
1747532964960,-0.58232063,0.008786061,0.99038434,0.15180019,-0.16777915,0.30839407,692
1747532964970,-0.5474204,-0.0053692595,0.98794377,0.39840892,-0.054328486,0.20240025,693
1747532964980,-0.5254553,-0.013667206,0.92082804,0.6593987,0.07563378,0.046871636,694
1747532964990,-0.545712,-0.009274175,0.6643238,0.6764429,0.16245283,-0.082558,695
1747532965000,-0.5274077,0.007321717,0.5952556,0.53103435,0.165116,-0.11824436,696
1747532965010,-0.52240452,0.0261141235,0.5918388299999999,0.44714476,0.155528615,-0.11877699,697
1747532965020,-0.51764539,0.057231425,0.611729505,0.294012985,0.1225054125,-0.107325395,698
1747532965030,-0.51496077,0.10958171,0.7946504,0.14807177,-0.00479369,-0.020240024,699
1747532965040,-0.5447358,0.13545178,0.8537123,0.20985709,-0.06657903,0.02876214,700
1747532965050,-0.57487685,0.148874925,0.8675014999999999,0.268446645,-0.114782245,0.0806937849999999,701
1747532965060,-0.65895456,0.1666911,0.8991069,0.45167214,-0.22743396,0.24074976,702
1747532965070,-0.64943635,0.13179092,0.8744571,0.6045376,-0.23648871,0.31158987,703
1747532965080,-0.596964,0.011714748,0.7304634,0.7552725,-0.13768543,0.31158987,704
1747532965090,-0.5630401,-0.026358182,0.6621273,1.0141318,0.08522116,0.26684874,705
1747532965100,-0.530946565,-0.0323375845,0.61636655,1.03304025,0.151533875,0.23782029,706
1747532965110,-0.468467905,-0.0422219035,0.53533955,1.02851285,0.2926814199999999,0.16271915,707
1747532965120,-0.45052966,-0.06589546,0.45199403,0.75580513,0.5075985,-0.05752428,708
1747532965130,-0.48006064,-0.09322987,0.45711923,0.5406217,0.46818373,-0.11771172,709
1747532965140,-0.49031103,-0.10909359,0.48054874,0.36645097,0.42290998,-0.16564862,710
1747532965150,-0.5047104,-0.14106509,0.50031734,0.294811935,0.40959418,-0.20399814,711
1747532965160,-0.50788313,-0.17450093,0.51666915,0.12836437,0.39414784,-0.35739622,712
1747532965170,-0.5342413,-0.1598575,0.52033,-0.007456851,0.3888215,-0.62371236,713
1747532965180,-0.56767714,-0.15400012,0.4698102,-0.12357068,0.38242993,-0.7339672,714
1747532965190,-0.6169767,-0.13838045,0.44442827,-0.29294774,0.36325517,-0.8133294,715
1747532965200,-0.6474839,-0.14374973,0.44857723,-0.47670585,0.3584615,-0.86020106,716
1747532965210,-0.64455522,-0.154000125,0.470054265,-0.560062795,0.36911415,-0.89029476,717
1747532965220,-0.64516537,-0.171084125,0.52252655,-0.67564397,0.40000682,-0.94116113,718
1747532965230,-0.6548056149999999,-0.18023628,0.61673265,-0.71319455,0.46552057,-0.9917612,719
1747532965240,-0.64992446,-0.16791138,0.7602383,-0.68816084,0.5267733,-1.0338391,720
1747532965250,-0.652365,-0.16425052,0.8371163,-0.6332997,0.48363006,-1.0290455,721
1747532965260,-0.657124115,-0.168643555,0.86359653,-0.5944175700000001,0.44581318,-1.0178602,722
1747532965270,-0.67555046,-0.20964517,0.90130347,-0.31478566,0.32170987,-0.9518138,723
1747532965280,-0.68336034,-0.23380683,0.8542004,-0.16831179,0.34834146,-0.9422264,724
1747532965290,-0.6884855,-0.24405725,0.788793,-0.014913702,0.41758367,-0.94275904,725
1747532965300,-0.67628265,-0.248206225,0.76499745,0.026897929,0.4479437,-0.9534117,726
1747532965310,-0.6599307999999999,-0.25650417,0.725460185,0.0956074849999999,0.4950816649999999,-0.97551593,727
1747532965320,-0.652609075,-0.27358817,0.70178661,0.14327807,0.511060625,-1.00241385,728
1747532965330,-0.7082541,-0.3231318,0.6169767,0.18961707,0.41918156,-1.0439591,729
1747532965340,-0.71569785,-0.330453515,0.5808562500000001,0.1757686299999999,0.427437365,-1.04582335,730
1747532965350,-0.72179928,-0.339483635,0.51691327,0.144609645,0.46312372,-1.06393285,731
1747532965360,-0.7297312,-0.34778157,0.44808912,0.077231675,0.5635249,-1.1265172,732
1747532965370,-0.827354,-0.28969595,0.47786412,-0.08468852,0.5544701,-1.1163971,733
1747532965380,-0.8352859,-0.281886115,0.497144625,-0.11424961,0.5283711499999999,-1.09376025,734
1747532965390,-0.8581053,-0.30043447,0.5640163,-0.144343335,0.4849616499999999,-1.0578076,735
1747532965400,-0.8775078000000001,-0.31056285,0.58036815,-0.116912775,0.4551342499999999,-1.01999073,736
1747532965410,-0.9354714,-0.319715,0.59013045,-0.0141147525,0.466585835,-0.94169378,737
1747532965420,-0.9530435,-0.3243521,0.58183247,0.13528858,0.5400891,-0.8309063,738
1747532965430,-0.9474302,-0.30507156,0.57280236,0.20399815,0.5837649,-0.76965356,739
1747532965440,-0.9440134,-0.2831064,0.5547421,0.26844665,0.6114618,-0.68816084,740
1747532965450,-0.96121945,-0.29018407,0.51020165,0.28362666,0.5994775800000001,-0.62051654,741
1747532965460,-0.99123855,-0.29799391,0.4455265,0.284425605,0.56965018,-0.51106061,742
1747532965470,-1.0084445,-0.27993366,0.3951287,0.22370553,0.5123922,-0.38722363,743
1747532965480,-1.0100308999999998,-0.262727625,0.395250725,0.19680761,0.48842375,-0.34354779,744
1747532965490,-0.99111646,-0.23771177,0.4253918,0.10652645,0.42024684,-0.21518342,745
1747532965500,-0.956460355,-0.23673553,0.455532865,0.0604537599999999,0.333960415,-0.1504686049999999,746
1747532965510,-0.8812907,-0.23673552,0.5000733,-0.06711166,0.09374327,-0.03834952,747
1747532965520,-0.844438,-0.24845028,0.52301466,-0.12516858,-0.044208474,-0.018642128,748
1747532965530,-0.83003865,-0.259310825,0.53082451,-0.148604395,-0.114515927,-0.016245283,749
1747532965540,-0.80294836,-0.32044718,0.5532778,-0.19014971,-0.39734364,-0.04474111,750
1747532965550,-0.8105141,-0.3226437,0.57280236,-0.20026971,-0.45806372,-0.050600063,751
1747532965560,-0.83760446,-0.31776255,0.59232694,-0.17630127,-0.48203218,-0.0314253,752
1747532965570,-0.8671354,-0.3226437,0.5962319,-0.13422333,-0.4564658,0.007989483,753
1747532965580,-0.88641596,-0.33362624,0.57451075,-0.087884314,-0.38083205,0.047404267,754
1747532965590,-0.9225364,-0.3619369,0.51569295,-0.046871636,-0.28655612,0.08522116,755
1747532965600,-0.9264413,-0.37121107,0.502635895,-0.0181094955,-0.162186505,0.12330436,756
1747532965610,-0.9247329,-0.379509,0.47225076,0.007456851,0.053795855,0.1917476,757
1747532965620,-0.9091133,-0.36144876,0.47225076,-0.01917476,0.1107875,0.21624869,758
1747532965630,-0.8944698,-0.33069757,0.49299565,-0.04101268,0.113450665,0.233825545,759
1747532965640,-0.8605459,-0.26821893,0.60306543,-0.12783173,-0.00958738,0.33662358,760
1747532965650,-0.8521259,-0.26211749,0.63223028,-0.115314875,-0.051931645,0.35633096,761
1747532965660,-0.83443177,-0.25748038,0.68433654,-0.04314321,-0.17630127,0.3930826,762
1747532965670,-0.8351639,-0.25333142,0.673842,-0.0055926399999999,-0.223172905,0.40053945,763
1747532965680,-0.835408,-0.26651052,0.6313761,0.06551377,-0.33182988,0.4063984,764
1747532965690,-0.8742131,-0.33997175,0.51544887,0.046339005,-0.44794372,0.34621096,765
1747532965700,-0.8870260999999999,-0.346073175,0.4857959349999999,0.017310548,-0.47058058,0.33822148,766
1747532965710,-0.915458765,-0.346073175,0.4250257,-0.0633832345,-0.5065332499999999,0.328900415,767
1747532965720,-0.97208,-0.31873876,0.37267542,-0.25513083,-0.5523396,0.35739622,768
1747532965730,-1.01479,-0.30385128,0.39195594,-0.3920173,-0.6199839,0.42344263,769
1747532965740,-1.0289453000000002,-0.27907947,0.4313711799999999,-0.47377637,-0.6926882000000001,0.519849045,770
1747532965750,-1.05164265,-0.25272128,0.48176901,-0.56245965,-0.77870832,0.6628607799999999,771
1747532965760,-1.07470605,-0.250402735,0.500561415,-0.5707154299999999,-0.80294307,0.7659251499999999,772
1747532965770,-1.1070436,-0.25821257,0.54888475,-0.5571333,-0.8410263,0.9576728,773
1747532965780,-1.11119265,-0.289085805,0.5928150750000001,-0.480700575,-0.8663263299999999,1.07671605,774
1747532965790,-1.0897156,-0.36266908,0.6574902,-0.27217507,-0.8681905,1.2676647,775
1747532965800,-1.07397395,-0.37084499,0.6549275999999999,-0.20106867,-0.850347325,1.2926984,776
1747532965810,-1.044321,-0.3863426,0.61160743,-0.018109497,-0.80533993,1.3709954,777
1747532965820,-1.0372432,-0.3912238,0.53643787,0.035153728,-0.7850999,1.4476944,778
1747532965830,-1.02320995,-0.39537275,0.48994495,0.02050634125,-0.773382,1.47352705,779
1747532965840,-0.97208,-0.3885391299999999,0.400131865,-0.14061491,-0.6993461,1.5904398,780
1747532965850,-0.90825905,-0.35900822,0.35217461,-0.184024435,-0.67990505,1.60721775,781
1747532965860,-0.8533462,-0.33667699,0.36144878,-0.264451895,-0.655403975,1.6261262,782
1747532965870,-0.7859864000000001,-0.3350906,0.40745358,-0.325171975,-0.672448175,1.6088155999999998,783
1747532965880,-0.68214005,-0.34778157,0.48128092,-0.45007423,-0.8825716,1.4444987,784
1747532965890,-0.675062355,-0.3459511349999999,0.48555191,-0.477504765,-0.9235843,1.4058828,785
1747532965900,-0.66932698,-0.343388535,0.49568025,-0.533697475,-1.00827285,1.31826475,786
1747532965910,-0.68384844,-0.345341,0.5034901,-0.5992113,-1.087635,1.206412,787
1747532965920,-0.64138246,-0.29555333,0.5520575,-0.6151902,-1.0812434,1.1478225,788
1747532965930,-0.6079466,-0.26455808,0.5615757,-0.5432849,-0.9416938,1.0258497,789
1747532965940,-0.5764632,-0.19915071,0.54961693,-0.50387007,-0.8383631,0.9720538,790
1747532965950,-0.55925717,-0.168643555,0.5393665400000001,-0.502005885,-0.79575255,0.951813775,791
1747532965960,-0.528750005,-0.1165373349999999,0.5241129250000001,-0.53795856,-0.6823019,0.8969527,792
1747532965970,-0.45858356,-0.079562664,0.571338,-0.5970807,-0.6460829,0.85966843,793
1747532965980,-0.44223174,-0.09567044,0.596964,-0.71159667,-0.6199839,0.77924097,794
1747532965990,-0.43832684,-0.1181237,0.6252747,-0.74941355,-0.57790595,0.73982614,795
1747532966000,-0.42612398,-0.14863087,0.6645679,-0.76965356,-0.50653327,0.690824,796
1747532966010,-0.39634898,-0.17084008,0.7106947,-0.7552725,-0.41545314,0.6317018,797
1747532966020,-0.32972133,-0.14716652,0.78610843,-0.67484504,-0.2860235,0.51292485,798
1747532966030,-0.30433938,-0.102504045,0.82076454,-0.64075655,-0.27217507,0.4612595,799
1747532966040,-0.2831064,-0.06467517,0.8576172,-0.60240704,-0.31478566,0.42184472,800
1747532966050,-0.25894472,-0.04490653,0.8834872,-0.5273059,-0.39254996,0.3797668,801
1747532966060,-0.2294138,-0.036120474,0.878118,-0.44421527,-0.43249738,0.3270362,802
1747532966070,-0.21574661,-0.022453265,0.8112463,-0.28975195,-0.36964676,0.20080236,803
1747532966080,-0.23258655,-0.0319715,0.7700006,-0.23861924,-0.2790993,0.14753912,804
1747532966090,-0.25357547,-0.028798755,0.7319277,-0.21678132,-0.17150758,0.11664646,805
1747532966100,-0.253941565,-0.0334358425,0.72875497,-0.21891185,-0.1065264465,0.1067927625,806
1747532966110,-0.25638214,-0.0425879885,0.7302193050000001,-0.2279666,0.0093210635,0.0857537875,807
1747532966120,-0.25479576,-0.050031736,0.76267886,-0.24501082,0.14594123,0.046339005,808
1747532966130,-0.17742962,-0.050763905,0.88275504,-0.20026971,0.29294774,-0.11025487,809
1747532966140,-0.1803583,-0.051496077,0.89861876,-0.16831179,0.27324033,-0.20026971,810
1747532966150,-0.17889396,-0.0464929035,0.89569008,-0.158990725,0.267914015,-0.24794029,811
1747532966160,-0.18816814,-0.02379558065,0.882388975,-0.14674018,0.26445191,-0.329699335,812
1747532966170,-0.23942018,0.008786061,0.8520039,-0.14221281,0.31318775,-0.40586576,813
1747532966180,-0.256016065,0.0098843185,0.8528581,-0.103863284,0.45167214,-0.49960902,814
1747532966190,-0.31312546,0.020744866,0.8339436,-0.06977482,0.5209143,-0.5390238,815
1747532966200,-0.34534101,0.043564218,0.82515755,-0.07323693,0.5872269999999999,-0.5624596500000001,816
1747532966210,-0.39024755,0.09200958,0.83882475,-0.08708537,0.67218185,-0.5904228499999999,817
1747532966220,-0.394274485,0.0988431824999999,0.863718575,-0.1041295999999999,0.68682925,-0.5997439,818
1747532966230,-0.39769128,0.1064089625,0.91924165,-0.1059938129999999,0.66978502,-0.6130597,819
1747532966240,-0.40269446,0.117635585,0.9894081,-0.07084008,0.6460829,-0.63010395,820
1747532966250,-0.40269446,0.117635585,0.9894081,-0.07084008,0.6460829,-0.63010395,821
1747532966260,-0.44650273,0.120686305,1.07214345,0.0881506374999999,0.85247787,-0.5273059,822
1747532966270,-0.44149956,0.11568313,1.0945967,0.13901702,0.94275904,-0.4889564,823
1747532966280,-0.43149322,0.09152147,1.1116807,0.28016454,1.144094,-0.4133226,824
1747532966290,-0.412700825,0.086518295,1.0782449500000002,0.42131208,1.48817445,-0.234091865,825
1747532966300,-0.3634012399999999,0.068214002,1.10985035,0.44048685,1.68737895,-0.10093381,826
1747532966310,-0.302386925,0.0627227145,1.1733052,0.4394216,1.7917749,-0.01917476,827
1747532966320,-0.27480847,0.070532545,1.2012497,0.42184472,1.8498317,0.041012682,828
1747532966330,-0.22990193,0.119588045,1.30424195,0.427437365,1.92386755,0.09800433,829
1747532966340,-0.14985114,0.17523311,1.3862451,0.46711847,1.9973708,0.101200126,830
1747532966350,-0.058573736,0.211597635,1.4385954,0.47377637,1.90788865,-0.022636872,831
1747532966360,0.047225077,0.257480405,1.49655905,0.427703685,1.6674052,-0.2279666,832
1747532966370,0.050031736,0.27041543,1.4950947,0.17630127,1.1520835,-0.47297743,833
1747532966380,0.02464978212,0.287987545,1.48887125,0.04181163,0.957406425,-0.545415415,834
1747532966390,-0.10848345088,0.34119202,1.50192835,-0.238885555,0.592020725,-0.6671218999999999,835
1747532966400,-0.270049355,0.3828038,1.54109955,-0.60054285,0.17576864,-0.72864093,836
1747532966410,-0.371211065,0.390735675,1.58478575,-0.8668589499999999,-0.1504686,-0.7081345649999999,837
1747532966420,-0.4915313,0.38463423,1.6610537,-0.9464875,-0.35633096,-0.5795039,838
1747532966430,-0.55669457,0.3653537,1.7096211,-0.908138,-0.48149952,-0.45593318,839
1747532966440,-0.597208085,0.32801294,1.7352471,-0.76432727,-0.61172811,-0.29028456,840
1747532966450,-0.6377216,0.29067218,1.7608731,-0.62051654,-0.7419567,-0.12463594,841
1747532966460,-0.636379275,0.24344711,1.7368334,-0.53689328,-0.78243675,-0.0524642735,842
1747532966470,-0.5867136,0.14765464,1.6683753,-0.04314321,-0.7882957,0.20932446,843
1747532966480,-0.5562064499999999,0.12813006,1.6321328,0.0703074549999999,-0.7488809000000001,0.225569745,844
1747532966490,-0.4339338,0.04075756,1.3618395,0.45060685,-0.61625546,0.24980451,845
1747532966500,-0.41087039,0.01769415025,1.3132721,0.476173205,-0.6119944150000001,0.22690133,846
1747532966510,-0.35412705,-0.05832968,1.1690342,0.51958275,-0.602407035,0.1568601949999999,847
1747532966520,-0.34778157,-0.06589546,1.0894716,0.53795856,-0.6311692,0.014913702,848
1747532966530,-0.40903994,-0.010738519,1.0116173,0.46871635,-0.7616641,-0.044208474,849
1747532966540,-0.49470404,0.082247294,0.9691513,0.2711098,-0.9507485,-0.10279802,850
1747532966550,-0.5117880699999999,0.1007956449999999,0.980621985,0.26871296,-0.95421065,-0.11797804,851
1747532966560,-0.543149425,0.132767148,0.992580785,0.28868666,-0.928378,-0.1464738649999999,852
1747532966570,-0.5757310250000001,0.152901875,0.99660775,0.34274883,-0.8684568500000001,-0.158724405,853
1747532966580,-0.6111193500000001,0.157050845,0.99136055,0.4332963199999999,-0.790426235,-0.103596969,854
1747532966590,-0.592571,0.12398108,0.9540198,0.53476274,-0.6530071,-0.006924219,855
1747532966600,-0.571215975,0.111900247,0.939986475,0.55447015,-0.5930859799999999,0.0066579025,856
1747532966610,-0.539854625,0.0890808969999999,0.90740484,0.58775968,-0.4705805799999999,0.0274305585,857
1747532966620,-0.56011134,0.06638357,0.8371163,0.58269966,-0.36218992,0.04580637,858
1747532966630,-0.76194674,0.06418706,0.7065457,0.36005938,-0.40213734,0.123038046,859
1747532966640,-0.7945283949999999,0.081271065,0.7054474500000001,0.2966761499999999,-0.38642469,0.162985463,860
1747532966650,-0.836994325,0.112266335,0.7294871,0.19707393,-0.323041455,0.24288029,861
1747532966660,-0.84468216,0.13935669,0.8295506,0.17204021,-0.108124346,0.360592,862
1747532966670,-0.79318607,0.13374338,0.9176552,0.20612867,-0.058589547,0.37470675,863
1747532966680,-0.7460830350000001,0.119588055,0.9299801,0.287088765,-0.026631611,0.39361521,864
1747532966690,-0.64211464,0.08029483,0.93229866,0.314253,-0.10279802,0.40533313,865
1747532966700,-0.59781822,0.064797197,0.93803403,0.30146983,-0.12144015,0.386691,866
1747532966710,-0.48665017,0.018792408,0.9696394,0.3355583,-0.1272991,0.34514567,867
1747532966720,-0.41026023,-0.005857374,0.9772052,0.4063984,-0.07882957,0.2790993,868
1747532966730,-0.3214234,-0.041001618,0.9554841,0.5773733,0.01438107,0.09054748,869
1747532966740,-0.30555966,-0.049543623,0.92863786,0.60507023,-0.006924219,0.022903185,870
1747532966750,-0.3121492,-0.0656514,0.8949579,0.60720074,-0.06018744,-0.039414786,871
1747532966760,-0.35022214,-0.091033354,0.8429737,0.59122175,-0.13475595,-0.099069595,872
1747532966770,-0.44467232,-0.10933765,0.7499879,0.5390238,-0.19920446,-0.1949434,873
1747532966780,-0.4702983,-0.10884953,0.71313524,0.5406217,-0.113983296,-0.23276028,874
1747532966790,-0.4829893,-0.11031388,0.6980037,0.57364494,0.015978966,-0.2711098,875
1747532966800,-0.483721475,-0.11092402,0.6888516,0.59894497,0.095074848,-0.28868667,876
1747532966810,-0.4766438,-0.114462847,0.67713685,0.64954502,0.2777677,-0.3289004,877
1747532966820,-0.45370242,-0.1181237,0.67799103,0.6956177,0.5864281,-0.41172472,878
1747532966830,-0.4510178,-0.111290105,0.69409883,0.7025419,0.6535397,-0.43036684,879
1747532966840,-0.46151224,-0.11617125,0.70288485,0.73769563,0.71319455,-0.45699844,880
1747532966850,-0.47578961,-0.12227268,0.69641736,0.766191465,0.742222995,-0.477771105,881
1747532966860,-0.523502815,-0.134109455,0.6681067350000001,0.84688526,0.8159926,-0.5305017,882
1747532966870,-0.65993077,-0.14252943,0.5613316,0.8815063,0.87618,-0.49534798,883
1747532966880,-0.65090066,-0.1696198,0.5427833,0.87511474,0.88470215,-0.50333744,884
1747532966890,-0.61673266,-0.20598431,0.5452239,0.8745821,0.87351686,-0.572047,885
1747532966900,-0.60074693,-0.21586863,0.54851865,0.87032105,0.8434231299999999,-0.617054435,886
1747532966910,-0.5741447,-0.233684815,0.53582765,0.85487472,0.782170415,-0.71399352,887
1747532966920,-0.6186851,-0.24088451,0.38536638,0.6641924,0.61412495,-0.97258645,888
1747532966930,-0.6727438,-0.2305120749999999,0.34387666,0.5800365000000001,0.573112275,-0.994690675,889
1747532966940,-0.76572962,-0.2015912899999999,0.29543132,0.30253512,0.44368264,-1.0018812,890
1747532966950,-0.81869002,-0.158515185,0.30751215,0.218379225,0.42264367,-0.9752496,891
1747532966960,-0.81502915,-0.12337094,0.373651635,0.093210645,0.40240365,-0.92917693,892
1747532966970,-0.7165521,-0.12568948,0.5693855,0.087884314,0.38296258,-0.91612744,893
1747532966980,-0.71643005,-0.130448595,0.55413197,0.146740177,0.35553202,-0.92438322,894
1747532966990,-0.7231416,-0.14692247,0.47542354,0.18535602,0.3222425,-0.9060074,895
1747532967000,-0.7255822000000001,-0.154244185,0.44345203,0.149935975,0.333427775,-0.8924253,896
1747532967010,-0.80368054,-0.21477039,0.35925224,-0.04474111,0.4261058,-0.83889574,897
1747532967020,-0.82808627,-0.234539025,0.365353685,-0.08362326,0.45486793,-0.80880204,898
1747532967030,-0.857739225,-0.26919514,0.394030415,-0.158458085,0.508131145,-0.75793567,899
1747532967040,-0.85590875,-0.30336314,0.4761557,-0.23808661,0.5811018,-0.7222493,900
1747532967050,-0.7797629,-0.3109289,0.61722076,-0.23062976,0.58483016,-0.7254451,901
1747532967060,-0.7618247,-0.2993362,0.62771523,-0.18109496,0.42344263,-0.78083885,902
1747532967070,-0.7438865,-0.2877435,0.6382097,-0.18109496,0.42344263,-0.78083885,903
1747532967080,-0.7399816,-0.20744865,0.6240544,-0.22530343,0.16192019,-0.7882957,904
1747532967090,-0.74059175,-0.186093645,0.6346708999999999,-0.247141355,0.0844222045,-0.7568703999999999,905
1747532967100,-0.742788265,-0.16937573,0.65114475,-0.25699505,-0.0849548404999999,-0.6628608,906
1747532967110,-0.7641432,-0.21208574,0.6557818,-0.20399814,-0.175236,-0.58243333,907
1747532967120,-0.7934301,-0.260165,0.61673266,-0.018109497,-0.075101145,-0.5486112,908
1747532967130,-0.8300387,-0.28627914,0.5474204,0.09267801,0.04474111,-0.5299691,909
1747532967140,-0.8642067,-0.3014107,0.45370242,0.1438107,0.17949706,-0.49481535,910
1747532967150,-0.8642067,-0.3014107,0.45370242,0.1438107,0.17949706,-0.49481535,911
1747532967160,-0.8297946,-0.30202085,0.364743565,0.0125168565,0.379766775,-0.41412156,912
1747532967170,-0.8117344,-0.26992732,0.41855815,-0.15925704,0.32011196,-0.37550572,913
1747532967180,-0.82711005,-0.24454537,0.4927516,-0.21278658,0.27137612,-0.34993938,914
1747532967190,-0.869576,-0.24625377,0.6570021,-0.28868666,0.05965481,-0.1768339,915
1747532967200,-0.8854397350000001,-0.2519891,0.683726375,-0.229298175,0.04527374,-0.149935973,916
1747532967210,-0.916435,-0.25479576,0.7050814,-0.015978966,0.07190535,-0.0777643,917
1747532967220,-0.91619086,-0.26114124,0.67799103,0.13369069,0.16405073,-0.050600063,918
1747532967230,-0.9220483,-0.2711476,0.6208816,0.24501082,0.25832662,-0.022903185,919
1747532967240,-0.907770915,-0.254063585,0.55047112,0.2583266349999999,0.33023198,0.0231695024999999,920
1747532967250,-0.89349353,-0.23697957,0.48006064,0.27164245,0.40213734,0.06924219,921
1747532967260,-0.876409575,-0.2098892299999999,0.4342998799999999,0.15978967,0.43942158,0.147539125,922
1747532967270,-0.87348086,-0.2020794,0.4288086,0.0058589545,0.44048685,0.25193503,923
1747532967280,-0.83858067,-0.20012695,0.52374685,-0.06018744,0.4777711,0.3057309,924
1747532967290,-0.814541035,-0.205618225,0.572070175,-0.027696876,0.5001417,0.35633096,925
1747532967300,-0.7646313499999999,-0.2123298,0.65212097,-0.0010652644999999,0.467917435,0.34993938,926
1747532967310,-0.7268025,-0.22013964,0.69556314,0.06870956,0.33662358,0.3174488,927
1747532967320,-0.7050814,-0.24576566,0.66237134,0.090014845,0.26631612,0.27483824,928
1747532967330,-0.68824142,-0.26541226,0.6303998550000001,0.0881506324999999,0.24261398,0.237287665,929
1747532967340,-0.6711574,-0.3226437,0.56767714,0.072437982,0.20532972,0.0961401195,930
1747532967350,-0.69336665,-0.3441207,0.54034275,0.015978966,0.16564862,-0.1571265,931
1747532967360,-0.73558855,-0.3231318,0.53106856,-0.050600063,0.11345066,-0.24074976,932
1747532967370,-0.78684056,-0.2884757,0.5254553,-0.1454086,0.060720075,-0.2759035,933
1747532967380,-0.8747012,-0.24405725,0.5930591,-0.2396845,0.011185277,-0.27483824,934
1747532967390,-0.9100895,-0.23917611,0.64187056,-0.29134983,-0.053795855,-0.19813919,935
1747532967400,-0.925221,-0.23697957,0.67555046,-0.23915187,-0.027164243,-0.16085494,936
1747532967410,-0.94669807,-0.23697957,0.6980037,-0.1486044,-0.0015978967,-0.13422333,937
1747532967420,-0.975618835,-0.23405089,0.69678342,-0.098536966,0.00399474165,-0.12037489,938
1747532967430,-1.0611609,-0.2421048,0.65919864,0.12250541,-0.007989483,0.0063915867,939
1747532967440,-1.0958171,-0.27456442,0.6169767,0.16990969,-0.017044231,0.06924219,940
1747532967450,-1.1221752,-0.29140437,0.5749989,0.1965413,-0.03781689,0.12836437,941
1747532967460,-1.1338899,-0.29872608,0.5352176,0.18801917,-0.09161274,0.18375812,942
1747532967470,-1.1375508,-0.30458343,0.485918,0.14327806,-0.18375812,0.24234766,943
1747532967480,-1.0643337,-0.28335047,0.44369608,-0.041545313,-0.43729106,0.32863408,944
1747532967490,-1.0592085,-0.27456442,0.4497975,-0.15446335,-0.6045376,0.37071204,945
1747532967500,-1.0396838,-0.27480847,0.48909074,-0.211987625,-0.7001450499999999,0.40426786,946
1747532967510,-1.001367,-0.2882316,0.5588911,-0.30679616,-0.9491506,0.47830373,947
1747532967520,-0.9530435,-0.3099527,0.6465077,-0.21997711,-1.1867046,0.5475459,948
1747532967530,-0.95279956,-0.33484653,0.6543175,-0.13635385,-1.2500879,0.5795039,949
1747532967540,-0.957924755,-0.34851374,0.64431115,-0.0897485299999999,-1.2618058,0.5962818,950
1747532967550,-0.9781815,-0.38341394,0.58036816,0.036218993,-1.25861,0.6412892,951
1747532967560,-0.9942892,-0.38487828,0.52301466,0.0615190214999999,-1.23197835,0.66046397,952
1747532967570,-1.0008788,-0.366574,0.4053791,0.07669904,-1.0263823,0.78083885,953
1747532967580,-0.97866958,-0.35522533,0.388173065,0.0418116294999999,-0.93184008,0.79761675,954
1747532967590,-0.9117979,-0.32532832,0.37609223,-0.05486112,-0.70840085,0.82078624,955
1747532967600,-0.8964222,-0.29652956,0.40440285,-0.128897,-0.6583334,0.8383631,956
1747532967610,-0.882633025,-0.277981205,0.433323635,-0.2066613,-0.6711166,0.8863,957
1747532967620,-0.7987994,-0.23087814,0.6274712,-0.26205507,-0.84422207,0.96299905,958
1747532967630,-0.78684056,-0.24161668,0.69263446,-0.23489082,-0.882837935,0.970455925,959
1747532967640,-0.78964723,-0.24527754,0.71154893,-0.16458336,-0.951281175,0.9800433,960
1747532967650,-0.7541369,-0.24747404,0.7438865,-0.06791061,-0.987233825,0.974184335,961
1747532967660,-0.7541369,-0.24747404,0.7438865,-0.01438107,-0.9933591,0.96619487,962
1747532967670,-0.6906820300000001,-0.211963715,0.698979915,0.125701208,-0.9845707,0.863663175,963
1747532967680,-0.6716455,-0.13789235,0.58110034,0.06018744,-1.1387677,0.80107886,964
1747532967690,-0.65736817,-0.126055572,0.56718907,0.0319579328,-1.1693940500000002,0.79282308,965
1747532967700,-0.63308447,-0.105066647,0.5469323,-0.0122505417,-1.2213257,0.772849385,966
1747532967710,-0.6272271,-0.0966466699999999,0.5346074000000001,-0.0332895145,-1.23970155,0.7512777850000001,967
1747532967720,-0.6355251,-0.08322352,0.5191097,-0.037284255,-1.0950918,0.7344999,968
1747532967730,-0.61502427,-0.061746486,0.5191097,-0.032490566,-0.9917612,0.7339672,969
1747532967740,-0.5774395,-0.043198135,0.51349646,-0.048469532,-0.91985583,0.7254451,970
1747532967750,-0.5601114,-0.0347781585,0.50763908,-0.0647148135,-0.888963165,0.7121293,971
1747532967760,-0.5274076999999999,-0.01830429325,0.49885301,-0.1014664375,-0.827710485,0.68310085,972
1747532967770,-0.48848057,-0.0074437460999999,0.5026358799999999,-0.148870705,-0.7736483350000001,0.65859975,973
1747532967780,-0.440035205,-0.02111095135,0.5327769499999999,-0.248472935,-0.7036071850000001,0.6303702499999999,974
1747532967790,-0.383169875,-0.04771319,0.5825646499999999,-0.34141727,-0.642887085,0.58056915,975
1747532967800,-0.3293552549999999,-0.0646751674999999,0.63039987,-0.369646775,-0.6298376,0.50839747,976
1747532967810,-0.29823795,-0.08127106,0.6616392,-0.43995422,-0.74089146,0.24927188,977
1747532967820,-0.29213652,-0.05296042,0.67677075,-0.49428272,-0.80747044,0.17150758,978
1747532967830,-0.30629185,-0.043198135,0.7150877,-0.5363607,-0.8863,0.09374327,979
1747532967840,-0.3184947099999999,-0.036608589,0.729121025,-0.548078575,-0.91479583,0.06977482,980
1747532967850,-0.33484653,0.01854835,0.81490713,-0.5502091,-0.9305085,0.018109497,981
1747532967860,-0.36144876,0.021232981,0.8261338,-0.53769225,-0.905474785,0.0229031865,982
1747532967870,-0.39317623,0.013179091,0.84614646,-0.49481535,-0.8229168,0.06018744,983
1747532967880,-0.41636166,0.010006348,0.8598137,-0.45220476,-0.7259777,0.113983296,984
1747532967890,-0.41172457,0.013667206,0.8747012,-0.37124467,-0.5523396,0.17417073,985
1747532967900,-0.373895685,0.0259920965,0.89068695,-0.26871296,-0.42211103,0.195476025,986
1747532967910,-0.3150779,0.0406355315,0.8960562000000001,-0.122771725,-0.24154871,0.20506341,987
1747532967920,-0.25723633,0.035144243,0.8500514,-0.03355583,-0.1587244,0.14327806,988
1747532967930,-0.25723633,0.035144243,0.8500514,-0.03355583,-0.1587244,0.14327806,989
1747532967940,-0.224532665,0.058451712,0.7490117000000001,-0.15153387,-0.21704764,0.032224248,990
1747532967950,-0.23649148,0.0463708765,0.70739993,-0.319579335,-0.28149614,-0.05752428,991
1747532967960,-0.267608775,0.0261141255,0.7277787,-0.470580575,-0.303600365,-0.104395915,992
1747532967970,-0.2831064,0.033679903,0.8402891,-0.60933125,-0.24660872,-0.15446335,993
1747532967980,-0.2976278,0.0317274445,0.87567743,-0.60933125,-0.218112895,-0.16112125,994
1747532967990,-0.3167863,0.0358764155,0.95218938,-0.589623875,-0.154995975,-0.17390442,995
1747532968000,-0.29933622,0.0574754825,1.01479,-0.48815745,0.025033715,-0.209324465,996
1747532968010,-0.29360087,0.083223523,1.04322265,-0.36325518,0.198938135,-0.25193505,997
1747532968020,-0.36340126,0.09884319,1.0250404,-0.28868666,0.21358553,-0.25726137,998
1747532968030,-0.36340126,0.09884319,1.0250404,-0.28868666,0.21358553,-0.25726137,999
1747532968040,-0.4084297999999999,0.10726316,1.0196711,-0.32463935,0.275104555,-0.1925465499999999,1000
